dã©nomination commune internationale,indication courte (pathologie?),lien,motif d'ã©valuation,nom commercial,validation (date),motif d'ã©valuation.1,validation (date).1,count of publication (date),key
osimertinib,Cancer bronchique non Ã  petites cellules,https://www.has-sante.fr/jcms/c_2676714/fr/tagrisso-osimertinib-inhibiteur-de-tyrosine-kinase,Primo-inscription,TAGRISSO,7/12/2016,Primo-inscription,7/12/2016,0,TAGRISSO|osimertinib|Cancer bronchique non Ã  petites cellules
defibrotide,"Maladie veino-occlusive hÃ©patique sÃ©vÃ¨re dans le cadre de la transplantation
de cellules souches hÃ©matopoÃ¯Ã©tiques",https://www.has-sante.fr/jcms/c_1756835/fr/defitelio-defibrotide-antithrombotique#videotoc_1_1,Primo-inscription,DEFITELIO,2/18/2014,Primo-inscription,2/18/2014,2,"DEFITELIO|defibrotide|Maladie veino-occlusive hÃ©patique sÃ©vÃ¨re dans le cadre de la transplantation
de cellules souches hÃ©matopoÃ¯Ã©tiques"
dichlorure de Radium-223,Cancer de la prostate rÃ©sistant Ã  la castration,https://www.has-sante.fr/jcms/c_1753132/fr/xofigo-dichlorure-de-radium-radio-isotope#analyseEco,Primo-inscription,XOFIGO,3/11/2014,Primo-inscription,3/11/2014,2,XOFIGO|dichlorure de Radium-223|Cancer de la prostate rÃ©sistant Ã  la castration
trastuzumab emtansine,Cancer du sein mÃ©tastatique ou localement avancÃ© non rÃ©sÃ©cable (HER2 +),https://www.has-sante.fr/jcms/c_1735595/fr/kadcyla-trastuzumab-emtansine-anticorps-ciblant-le-recepteur-her-2-couple-a-un-cytotoxique#analyseEco,Primo-inscription,KADCYLA,3/11/2014,Primo-inscription,3/11/2014,2,KADCYLA|trastuzumab emtansine|Cancer du sein mÃ©tastatique ou localement avancÃ© non rÃ©sÃ©cable (HER2 +)
_,Vaccin vivant attÃ©nuÃ© du virus varicelle-zona,https://www.has-sante.fr/jcms/c_1774169/fr/zostavax-vaccin-zona-vivant-attenue#analyseEco,Primo-inscription,ZOSTAVAX,4/15/2014,Primo-inscription,4/15/2014,2,ZOSTAVAX|_|Vaccin vivant attÃ©nuÃ© du virus varicelle-zona
sofosbuvir,HÃ©patite C,https://www.has-sante.fr/jcms/c_1743036/fr/sovaldi-sofosbuvir-antiviral-a-action-directe#analyseEco,Primo-inscription,SOVALDI,4/15/2014,Primo-inscription,4/15/2014,2,SOVALDI|sofosbuvir|HÃ©patite C
DolutÃ©gravir,Infection par le VIH,https://www.has-sante.fr/jcms/c_1748396/fr/tivicay-50-mg-dolutegravir-inhibiteur-de-l-integrase#analyseEco,Primo-inscription,TIVICAY,5/27/2014,Primo-inscription,5/27/2014,2,TIVICAY|DolutÃ©gravir|Infection par le VIH
panitumumab,Cancer colorectal mÃ©tastatique,https://www.has-sante.fr/jcms/c_1763229/fr/vectibix-panitumumab-anticorps-monoclonal#analyseEco,RÃ©Ã©valuation,VECTIBIX,5/27/2014,RÃ©Ã©valuation,5/27/2014,2,VECTIBIX|panitumumab|Cancer colorectal mÃ©tastatique
dimÃ©thyl fumarate,SclÃ©rose en plaque,https://www.has-sante.fr/jcms/c_1743058/fr/tecfidera-dimethyl-fumarate-traitement-de-fond-de-la-sclerose-en-plaques#analyseEco,Primo-inscription,TECFIDERA,6/24/2014,Primo-inscription,6/24/2014,2,TECFIDERA|dimÃ©thyl fumarate|SclÃ©rose en plaque
macitentan,Hypertension artÃ©rielle pulmonaire,https://www.has-sante.fr/jcms/c_1769783/fr/opsumit-macitentan-antagoniste-des-recepteurs-de-l-endotheline#analyseEco,Primo-inscription,OPSUMIT,6/24/2014,Primo-inscription,6/24/2014,2,OPSUMIT|macitentan|Hypertension artÃ©rielle pulmonaire
_,Vaccin rotavirus,https://www.has-sante.fr/jcms/c_2009660/fr/rotarix-vaccin-anti-rotavirus#videotoc_1_1,Primo-inscription,ROTARIX,7/22/2014,Primo-inscription,7/22/2014,2,ROTARIX|_|Vaccin rotavirus
_,Vaccin rotavirus,https://www.has-sante.fr/jcms/c_2009666/fr/rotateq-vaccin-anti-rotavirus#analyseEco,Primo-inscription,ROTATEQ,9/16/2014,Primo-inscription,9/16/2014,2,ROTATEQ|_|Vaccin rotavirus
riociguat,Hypertension pulmonaire,https://www.has-sante.fr/jcms/c_1761611/fr/adempas-riociguat-antihypertenseur-pour-l-hypertension-arterielle-pulmonaire#analyseEco,Primo-inscription,ADEMPAS,10/14/2014,Primo-inscription,10/14/2014,2,ADEMPAS|riociguat|Hypertension pulmonaire
simÃ©prÃ©vir,HÃ©patite C chronique,https://www.has-sante.fr/jcms/c_2007183/fr/olysio-simeprevir-antiviral-d-action-directe#analyseEco,Primo-inscription,OLYSIO,10/14/2014,Primo-inscription,10/14/2014,2,OLYSIO|simÃ©prÃ©vir|HÃ©patite C chronique
omalizumab,Urticaire chronique spontanÃ©e,https://www.has-sante.fr/jcms/c_2031554/fr/xolair-omalizumab-anti-ige#videotoc_1_1,Extension d'indication,XOLAIR,11/25/2014,Extension d'indication,11/25/2014,2,XOLAIR|omalizumab|Urticaire chronique spontanÃ©e
toxine botulinique de type A,HyperactivitÃ© vÃ©sicale,https://www.has-sante.fr/jcms/c_1782527/fr/botox-toxine-botulinique-a-myorelaxant#analyseEco,Extension d'indication,BOTOX,11/25/2014,Extension d'indication,11/25/2014,2,BOTOX|toxine botulinique de type A|HyperactivitÃ© vÃ©sicale
vedolizumab,"Rectolique hÃ©morragique, maladie Crohn",https://www.has-sante.fr/jcms/c_2008461/fr/entyvio-vedolizumab-anti-integrine-47#analyseEco,Primo-inscription,ENTYVIO,11/25/2014,Primo-inscription,11/25/2014,2,"ENTYVIO|vedolizumab|Rectolique hÃ©morragique, maladie Crohn"
daclatasvir,HÃ©patite C chronique,https://www.has-sante.fr/jcms/c_2009488/fr/daklinza-daclatasvir-antiviral-a-action-directe#analyseEco,Primo-inscription,DAKLINZA,2/3/2015,Primo-inscription,2/3/2015,2,DAKLINZA|daclatasvir|HÃ©patite C chronique
obinutuzumab,LeucÃ©mie lymphoÃ¯de chronique,https://www.has-sante.fr/jcms/c_2019122/fr/gazyvaro-obinutuzumab-anticorps-monoclonal-anti-cd20-recombinant-humain-de-type-ii#analyseEco,Primo-inscription,GAZYVARO,2/3/2015,Primo-inscription,2/3/2015,2,GAZYVARO|obinutuzumab|LeucÃ©mie lymphoÃ¯de chronique
pirfÃ©nidone,Fibrose pulmonaire idiopatique,https://www.has-sante.fr/jcms/c_2023166/fr/esbriet-pirfenidone-immunosuppresseur#analyseEco,RÃ©Ã©valuation,ESBRIET,2/3/2015,RÃ©Ã©valuation,2/3/2015,2,ESBRIET|pirfÃ©nidone|Fibrose pulmonaire idiopatique
romiplostim,Purpura thrombopÃ©nique idiopathique chronique,https://www.has-sante.fr/jcms/c_2015428/fr/nplate#analyseEco,Renouvellement,NPLATE,2/3/2015,Renouvellement,2/3/2015,2,NPLATE|romiplostim|Purpura thrombopÃ©nique idiopathique chronique
DM,Dispositif mÃ©dical - Insuffisance mitrale,https://www.has-sante.fr/jcms/c_2023888/fr/mitraclip#analyseEco,Primo-inscription,MITRACLIP,4/7/2015,Primo-inscription,4/7/2015,2,MITRACLIP|DM|Dispositif mÃ©dical - Insuffisance mitrale
ibrutinib,LeucÃ©mie lymphoÃ¯de chronique,https://www.has-sante.fr/jcms/c_2049868/fr/imbruvica-ibrutinib-inhibiteur-de-tyrosine-kinase-de-bruton-btk#analyseEco,Primo-inscription,IMBRUVICA,4/7/2015,Primo-inscription,4/7/2015,2,IMBRUVICA|ibrutinib|LeucÃ©mie lymphoÃ¯de chronique
ibrutinib,Lymphome Ã  cellules du manteau,https://www.has-sante.fr/jcms/c_2049868/fr/imbruvica-ibrutinib-inhibiteur-de-tyrosine-kinase-de-bruton-btk#analyseEco,Primo-inscription,IMBRUVICA,4/7/2015,Primo-inscription,4/7/2015,2,IMBRUVICA|ibrutinib|Lymphome Ã  cellules du manteau
idelalisib,"LeucÃ©mie LymphoÃ¯de Chronique, lymphome folliculaire",https://www.has-sante.fr/jcms/c_2047021/fr/zydelig-idelalisib-inhibiteur-de-kinase#analyseEco,Primo-inscription,ZYDELIG,4/7/2015,Primo-inscription,4/7/2015,2,"ZYDELIG|idelalisib|LeucÃ©mie LymphoÃ¯de Chronique, lymphome folliculaire"
ledipasvir/sofosbuvir,HÃ©patite C chronique,https://www.has-sante.fr/jcms/c_2022100/fr/harvoni-sofosbuvir/ledipasvir-association-fixe-d-antiviraux-a-action-directe#analyseEco,Primo-inscription,HARVONI,5/26/2015,Primo-inscription,5/26/2015,2,HARVONI|ledipasvir/sofosbuvir|HÃ©patite C chronique
_,Vaccin grippal chez les enfants (2-18 ans),https://www.has-sante.fr/jcms/c_2035692/fr/fluenz-tetra-vaccin-tetravalent-contre-la-grippe-saisonniere-de-l-enfant#analyseEco,Primo-inscription,FLUENZ TETRA,6/9/2015,Primo-inscription,6/9/2015,2,FLUENZ TETRA|_|Vaccin grippal chez les enfants (2-18 ans)
dasabuvir,HÃ©patite C chronique,https://www.has-sante.fr/jcms/c_2025737/fr/viekirax-ombitasvir/paritaprevir/ritonavir-association-fixe-d-antiviraux-a-action-directe-exviera-dasabuvir-antiviral-a-action-directe#analyseEco,Primo-inscription,EXVIERA,6/9/2015,Primo-inscription,6/9/2015,2,EXVIERA|dasabuvir|HÃ©patite C chronique
enzalutamide,Cancer mÃ©tastatique de la prostate rÃ©sistant Ã  la castration (peu ou pas symptomatiques),https://www.has-sante.fr/jcms/c_2022075/fr/xtandi-enzalutamide-inhibiteur-de-la-voie-de-signalisation-des-recepteurs-aux-androgenes#analyseEco,Extension d'indication,XTANDI,6/9/2015,Extension d'indication,6/9/2015,2,XTANDI|enzalutamide|Cancer mÃ©tastatique de la prostate rÃ©sistant Ã  la castration (peu ou pas symptomatiques)
ombitasvir/paritaprÃ©vir/ritonavir,HÃ©patite C chronique,https://www.has-sante.fr/jcms/c_2025737/fr/viekirax-ombitasvir/paritaprevir/ritonavir-association-fixe-d-antiviraux-a-action-directe-exviera-dasabuvir-antiviral-a-action-directe#analyseEco,Primo-inscription,VIEKIRAX,6/9/2015,Primo-inscription,6/9/2015,2,VIEKIRAX|ombitasvir/paritaprÃ©vir/ritonavir|HÃ©patite C chronique
eribuline,Cancer du sein localement avancÃ© ou mÃ©tastatique (HER2-),https://www.has-sante.fr/jcms/c_2559139/fr/halaven#analyseEco,Extension d'indication,HALAVEN,7/21/2015,Extension d'indication,7/21/2015,2,HALAVEN|eribuline|Cancer du sein localement avancÃ© ou mÃ©tastatique (HER2-)
alemtuzumab,SclÃ©rose en plaque,https://www.has-sante.fr/jcms/c_2590010/fr/lemtrada-alemtuzumab-immunosuppresseur-selectif#analyseEco,Primo-inscription,LEMTRADA,9/15/2015,Primo-inscription,9/15/2015,2,LEMTRADA|alemtuzumab|SclÃ©rose en plaque
etonogestrel,Implant contraceptif,https://www.has-sante.fr/jcms/c_2560226/fr/nexplanon#analyseEco,Renouvellement,NEXPLANON,9/15/2015,Renouvellement,9/15/2015,2,NEXPLANON|etonogestrel|Implant contraceptif
sÃ©cukinumab,Psoriasis en plaques modÃ©rÃ© Ã  sÃ©vÃ¨re chez lâadulte,https://www.has-sante.fr/jcms/p_3211082/fr/cosentyx-spondyloarthrite-axiale-non-radiographique,Primo-inscription,COSENTYX,9/15/2015,Primo-inscription,9/15/2015,2,COSENTYX|sÃ©cukinumab|Psoriasis en plaques modÃ©rÃ© Ã  sÃ©vÃ¨re chez lâadulte
DM,"Dispositif  mÃ©dical - Valve aortique (haut risque, contre indiquÃ© Ã  la chirurgie)",https://www.has-sante.fr/jcms/c_2571460/fr/corevalve-aoa#analyseEco,Renouvellement,COREVALVE,10/13/2015,Renouvellement,10/13/2015,2,"COREVALVE|DM|Dispositif  mÃ©dical - Valve aortique (haut risque, contre indiquÃ© Ã  la chirurgie)"
DM,"Dispositif  mÃ©dical - Valve aortique (haut risque, contre indiquÃ© Ã  la chirurgie)",https://www.has-sante.fr/jcms/c_2598263/fr/sapien-3-modele-9600-tfx-transapicale#analyseEco,Renouvellement,SAPIEN 3,10/13/2015,Renouvellement,10/13/2015,2,"SAPIEN 3|DM|Dispositif  mÃ©dical - Valve aortique (haut risque, contre indiquÃ© Ã  la chirurgie)"
vorapaxar,RÃ©duction des Ã©vÃ¨nements athÃ©rothrombotiques chez les patients adultes ayant des antÃ©cÃ©dents dâinfarctus du myocarde,https://www.has-sante.fr/jcms/c_2579446/fr/zontivity-vorapaxar-antiagregant-plaquettaire#analyseEco,Primo-inscription,ZONTIVITY,10/13/2015,Primo-inscription,10/13/2015,2,ZONTIVITY|vorapaxar|RÃ©duction des Ã©vÃ¨nements athÃ©rothrombotiques chez les patients adultes ayant des antÃ©cÃ©dents dâinfarctus du myocarde
evolocumab,HypercholestÃ©rolÃ©mie,https://www.has-sante.fr/jcms/c_2586918/fr/repatha-evolocumab-anti-pcsk9#analyseEco,Primo-inscription,REPATHA,12/8/2015,Primo-inscription,12/8/2015,2,REPATHA|evolocumab|HypercholestÃ©rolÃ©mie
nivolumab,Cancer bronchique non Ã  petites cellules EpidermoÃ¯de (2Ã¨me ligne),https://www.has-sante.fr/jcms/c_2612055/fr/opdivo-cancer-bronchique-non-a-petites-cellules-2eme-ligne#analyseEco,Primo-inscription,OPDIVO,12/8/2015,Primo-inscription,12/8/2015,2,OPDIVO|nivolumab|Cancer bronchique non Ã  petites cellules EpidermoÃ¯de (2Ã¨me ligne)
nivolumab,MÃ©lanome avancÃ© non rÃ©sÃ©cable ou mÃ©tastatique,https://www.has-sante.fr/jcms/c_2639665/fr/opdivo-melanome-1ere-ligne-nivolumab#analyseEco,Primo-inscription,OPDIVO,1/13/2016,Primo-inscription,1/13/2016,2,OPDIVO|nivolumab|MÃ©lanome avancÃ© non rÃ©sÃ©cable ou mÃ©tastatique
pembrolizumab,MÃ©lanome avancÃ© non rÃ©sÃ©cable ou mÃ©tastatique,https://www.has-sante.fr/jcms/c_2639673/fr/keytruda-melanome-1ere-ligne-pembrolizumab#analyseEco,Primo-inscription,KEYTRUDA,3/16/2016,Primo-inscription,3/16/2016,2,KEYTRUDA|pembrolizumab|MÃ©lanome avancÃ© non rÃ©sÃ©cable ou mÃ©tastatique
trametinib,MÃ©lanome non rÃ©sÃ©cable ou mÃ©tastatique,https://www.has-sante.fr/jcms/c_2632556/fr/entresto#analyseEco,Primo-inscription,MEKINIST,3/22/2016,Primo-inscription,3/22/2016,2,MEKINIST|trametinib|MÃ©lanome non rÃ©sÃ©cable ou mÃ©tastatique
alirocumab,HypercholestÃ©rolÃ©mie,https://www.has-sante.fr/jcms/c_2629896/fr/praluent-alirocumab-hypolipemiant-anti-pcsk9#analyseEco,Primo-inscription,PRALUENT,4/12/2016,Primo-inscription,4/12/2016,2,PRALUENT|alirocumab|HypercholestÃ©rolÃ©mie
elvitegravir/cobicistat/emtricitabine/tÃ©nofovir alafÃ©namide,VIH-1,https://www.has-sante.fr/jcms/c_2621468/fr/genvoya-emtricitabine-cobicistat-elvitegravir-et-tenofovir-alafenamide-association-d-antiviraux#analyseEco,Primo-inscription,GENVOYA,4/12/2016,Primo-inscription,4/12/2016,2,GENVOYA|elvitegravir/cobicistat/emtricitabine/tÃ©nofovir alafÃ©namide|VIH-1
sacubitril/valsartan,Insuffisance cardiaque,https://www.has-sante.fr/jcms/c_2632556/fr/entresto#analyseEco,Primo-inscription,ENTRESTO,4/12/2016,Primo-inscription,4/12/2016,2,ENTRESTO|sacubitril/valsartan|Insuffisance cardiaque
asfotase alfa,Hypophosphatasie,https://www.has-sante.fr/jcms/c_2621689/fr/strensiq-asfotase-alfa-enzymotherapie-substitutive#analyseEco,Primo-inscription,STRENSIQ,5/10/2016,Primo-inscription,5/10/2016,2,STRENSIQ|asfotase alfa|Hypophosphatasie
carfilzomib,MyÃ©lome multiple (2eme ligne et plus),https://www.has-sante.fr/jcms/c_2621689/fr/strensiq-asfotase-alfa-enzymotherapie-substitutive#analyseEco,Primo-inscription,KYPROLIS,5/10/2016,Primo-inscription,5/10/2016,2,KYPROLIS|carfilzomib|MyÃ©lome multiple (2eme ligne et plus)
lumacaftor/ivacaftor,Mucoviscidose,https://www.has-sante.fr/jcms/c_2656337/fr/orkambi-lumacaftor-/-ivacaftor-correcteur-et-potentialisateur-du-gene-cftr#analyseEco,Primo-inscription,ORKAMBI,5/10/2016,Primo-inscription,5/10/2016,2,ORKAMBI|lumacaftor/ivacaftor|Mucoviscidose
cobimetinib,MÃ©lanome non rÃ©sÃ©cable ou mÃ©tastatique,https://www.has-sante.fr/jcms/c_2620147/fr/cotellic-cobimetinib-anti-mek-inhibiteur-de-proteine-kinase#analyseEco,Primo-inscription,COTELLIC,6/14/2016,Primo-inscription,6/14/2016,2,COTELLIC|cobimetinib|MÃ©lanome non rÃ©sÃ©cable ou mÃ©tastatique
ibrutinib,LeucÃ©mie lymphoÃ¯de chronique,https://www.has-sante.fr/jcms/c_2049868/fr/imbruvica-ibrutinib-inhibiteur-de-tyrosine-kinase-de-bruton-btk#analyseEco,RÃ©Ã©valuation,IMBRUVICA,6/14/2016,RÃ©Ã©valuation,6/14/2016,2,IMBRUVICA|ibrutinib|LeucÃ©mie lymphoÃ¯de chronique
DM,"Dispositif  mÃ©dical - Valve aortique (haut risque, contre indiquÃ© Ã  la chirurgie)",https://www.has-sante.fr/jcms/c_2571460/fr/corevalve-aoa#analyseEco,RÃ©Ã©valuation,COREVALVE,9/13/2016,RÃ©Ã©valuation,9/13/2016,2,"COREVALVE|DM|Dispositif  mÃ©dical - Valve aortique (haut risque, contre indiquÃ© Ã  la chirurgie)"
empagliflozine,DiabÃ¨te de type 2 non contrÃ´lÃ©,https://www.has-sante.fr/jcms/c_2722414/fr/jardiance-empagliflozine-antidiabetique-oral#analyseEco,RÃ©Ã©valuation,JARDIANCE,9/13/2016,RÃ©Ã©valuation,9/13/2016,2,JARDIANCE|empagliflozine|DiabÃ¨te de type 2 non contrÃ´lÃ©
ipilimumab,MÃ©lanome avancÃ©,https://www.has-sante.fr/jcms/c_2769366/fr/yervoy-melanome-2eme-ligne#analyseEco,RÃ©Ã©valuation,YERVOY,9/13/2016,RÃ©Ã©valuation,9/13/2016,2,YERVOY|ipilimumab|MÃ©lanome avancÃ©
bevacizumab,"Carcinome du col de lâutÃ©rus persistant, en rechute ou mÃ©tastatique",https://www.has-sante.fr/jcms/c_2658489/fr/avastin-bevacizumab-anticorps-monoclonal-col-de-l-uterus#analyseEco,Extension d'indication,AVASTIN,10/11/2016,Extension d'indication,10/11/2016,2,"AVASTIN|bevacizumab|Carcinome du col de lâutÃ©rus persistant, en rechute ou mÃ©tastatique"
nivolumab,Cancer bronchique non Ã  petites cellules non Ã©pidermoÃ¯de (2Ã¨me ligne),https://www.has-sante.fr/jcms/c_2742286/fr/opdivo-cancer-bronchique-non-a-petites-cellules-2eme-ligne#analyseEco,Extension d'indication,OPDIVO,10/11/2016,Extension d'indication,10/11/2016,2,OPDIVO|nivolumab|Cancer bronchique non Ã  petites cellules non Ã©pidermoÃ¯de (2Ã¨me ligne)
nivolumab,Carcinome Ã  cellules rÃ©nales avancÃ© ou mÃ©tastatique,https://www.has-sante.fr/jcms/c_2682094/fr/opdivo-cancer-renal-2eme-ligne#analyseEco,Extension d'indication,OPDIVO,11/8/2016,Extension d'indication,11/8/2016,2,OPDIVO|nivolumab|Carcinome Ã  cellules rÃ©nales avancÃ© ou mÃ©tastatique
protÃ©ine plasmatiques humaines,DÃ©ficits complexes en facteurs de coagulation,https://www.has-sante.fr/jcms/c_2663236/fr/octaplaslg-proteines-plasmatiques-humaines-medicament-derive-du-sang#analyseEco,Primo-inscription,OCTAPLAS LG,11/8/2016,Primo-inscription,11/8/2016,2,OCTAPLAS LG|protÃ©ine plasmatiques humaines|DÃ©ficits complexes en facteurs de coagulation
daratumumab,MyÃ©lome multiple en rechute et rÃ©fractaire,https://www.has-sante.fr/jcms/c_2808595/fr/darzalex-daratumumab-anticorps-monoclonal-monotherapie,Primo-inscription,DARZALEX,1/17/2017,Primo-inscription,1/17/2017,2,DARZALEX|daratumumab|MyÃ©lome multiple en rechute et rÃ©fractaire
pembrolizumab,Cancer bronchique non Ã  petites cellules (2nde ligne),https://www.has-sante.fr/jcms/c_2755875/fr/keytruda-cancer-bronchique-non-a-petites-cellules-2eme-ligne#analyseEco,Extension d'indication,KEYTRUDA,1/17/2017,Extension d'indication,1/17/2017,2,KEYTRUDA|pembrolizumab|Cancer bronchique non Ã  petites cellules (2nde ligne)
DM,Dispositif mÃ©dical - Insuffisance mitrale,https://www.has-sante.fr/jcms/c_2740889/fr/mitraclip-nt#analyseEco,Primo-inscription,MITRACLIP NT,3/14/2017,Primo-inscription,3/14/2017,2,MITRACLIP NT|DM|Dispositif mÃ©dical - Insuffisance mitrale
Eribuline,Liposarcome (en 2nde et plus),https://www.has-sante.fr/jcms/c_2761874/fr/halaven-eribuline-antineoplasique#analyseEco,Extension d'indication,HALAVEN,3/14/2017,Extension d'indication,3/14/2017,2,HALAVEN|Eribuline|Liposarcome (en 2nde et plus)
DM,Stimulateur cardiaque,https://www.has-sante.fr/jcms/c_2747013/fr/optimizer-ivs#analyseEco,Primo-inscription,OPTIMIZER,4/11/2017,Primo-inscription,4/11/2017,2,OPTIMIZER|DM|Stimulateur cardiaque
idelalisib,LeucÃ©mie lymphoÃ¯de chronique (2Ã¨me ligne et plus),https://www.has-sante.fr/jcms/c_2047021/fr/zydelig-idelalisib-inhibiteur-de-kinase#analyseEco,RÃ©Ã©valuation,ZYDELIG,5/16/2017,RÃ©Ã©valuation,5/16/2017,2,ZYDELIG|idelalisib|LeucÃ©mie lymphoÃ¯de chronique (2Ã¨me ligne et plus)
obinutuzumab,Lymphome folliculaire,https://www.has-sante.fr/jcms/c_2019122/fr/gazyvaro-obinutuzumab-anticorps-monoclonal-anti-cd20-recombinant-humain-de-type-ii#analyseEco,Extension d'indication,GAZYVARO,5/16/2017,Extension d'indication,5/16/2017,2,GAZYVARO|obinutuzumab|Lymphome folliculaire
pembrolizumab,Cancer bronchique non Ã  petites cellules (CBNPC) mÃ©tastatique,https://www.has-sante.fr/jcms/c_2774645/fr/keytruda-cancer-bronchique-non-a-petites-cellules-1ere-ligne#analyseEco,Extension d'indication,KEYTRUDA,5/16/2017,Extension d'indication,5/16/2017,2,KEYTRUDA|pembrolizumab|Cancer bronchique non Ã  petites cellules (CBNPC) mÃ©tastatique
vÃ©nÃ©toclax,LeucÃ©mie lymphoÃ¯de chronique,https://www.has-sante.fr/jcms/c_2788624/fr/venclyxto#analyseEco,Primo-inscription,VENCLYXTO,6/13/2017,Primo-inscription,6/13/2017,2,VENCLYXTO|vÃ©nÃ©toclax|LeucÃ©mie lymphoÃ¯de chronique
cabozantinib,Carcinome rÃ©nal avancÃ© aprÃ¨s une thÃ©rapie ciblÃ©e,https://www.has-sante.fr/jcms/c_2736733/fr/cabometyx-cabozantinib-inhibiteur-de-tyrosine-kinase#analyseEco,RÃ©Ã©valuation,CABOMETYX,7/11/2017,RÃ©Ã©valuation,7/11/2017,2,CABOMETYX|cabozantinib|Carcinome rÃ©nal avancÃ© aprÃ¨s une thÃ©rapie ciblÃ©e
palbociclib,Cancer du sein (RH+/HER2-) localement avancÃ© ou mÃ©tastatique,https://www.has-sante.fr/jcms/c_2761877/fr/ibrance-palbociclib-inhibiteur-de-proteine-kinase#analyseEco,Primo-inscription,IBRANCE,7/11/2017,Primo-inscription,7/11/2017,2,IBRANCE|palbociclib|Cancer du sein (RH+/HER2-) localement avancÃ© ou mÃ©tastatique
Acide obÃ©ticholique,Cholangite biliaire primitive,https://www.has-sante.fr/jcms/c_2773278/fr/ocaliva-acide-obeticholique-acide-biliaire#analyseEco,Primo-inscription,OCALIVA,9/12/2017,Primo-inscription,9/12/2017,2,OCALIVA|Acide obÃ©ticholique|Cholangite biliaire primitive
osimertinib,"Cancer bronchique non Ã  petites cellules (CBNPC) localement avancÃ© ou mÃ©tastatique, avec mutation EGFR T790M",https://www.has-sante.fr/jcms/c_2794988/fr/tagrisso-osimertinib-inhibiteur-de-tyrosine-kinase#analyseEco,RÃ©Ã©valuation,TAGRISSO,9/12/2017,RÃ©Ã©valuation,9/12/2017,2,"TAGRISSO|osimertinib|Cancer bronchique non Ã  petites cellules (CBNPC) localement avancÃ© ou mÃ©tastatique, avec mutation EGFR T790M"
vaccin papillomavirus 9-valent,"Immunisation active des individus Ã  partir de 9 ans contre les
maladies dues aux HPV",https://www.has-sante.fr/jcms/c_2796800/fr/gardasil-9-vaccin-papillomavirus-humain-9-valent#analyseEco,Primo-inscription,GARDASIL9,9/12/2017,Primo-inscription,9/12/2017,2,"GARDASIL9|vaccin papillomavirus 9-valent|Immunisation active des individus Ã  partir de 9 ans contre les
maladies dues aux HPV"
carfilzomib,MyÃ©lome multiple,https://www.has-sante.fr/jcms/c_2635789/fr/kyprolis-carfilzomib-antineoplasique#analyseEco,Extension d'indication,KYPROLIS,10/17/2017,Extension d'indication,10/17/2017,2,KYPROLIS|carfilzomib|MyÃ©lome multiple
nivolumab,Cancer Ã©pidermoÃ¯de de la tÃªte et du cou,https://www.has-sante.fr/jcms/c_2829034/fr/opdivo-nivolumab-anticorps-anti-pd1#analyseEco,Extension d'indication,OPDIVO,11/7/2017,Extension d'indication,11/7/2017,2,OPDIVO|nivolumab|Cancer Ã©pidermoÃ¯de de la tÃªte et du cou
canakinumab,FiÃ¨vres rÃ©currentes hÃ©rÃ©ditaires,https://www.has-sante.fr/jcms/c_2806295/fr/ilaris-canakinumab-inhibiteur-de-l-interleukine-1#analyseEco,Extension d'indication,ILARIS,12/12/2017,Extension d'indication,12/12/2017,2,ILARIS|canakinumab|FiÃ¨vres rÃ©currentes hÃ©rÃ©ditaires
daratumumab,MyÃ©lome multiple (2eme ligne),https://www.has-sante.fr/jcms/c_2808583/fr/darzalex-daratumumab-anticorps-monoclonal-en-association#analyseEco,Extension d'indication,DARZALEX,12/12/2017,Extension d'indication,12/12/2017,2,DARZALEX|daratumumab|MyÃ©lome multiple (2eme ligne)
nusinersen,Amyotrophie spinale,https://www.has-sante.fr/jcms/c_2826600/fr/spinraza-nusinersen-oligonucleotide-antisens#analyseEco,Primo-inscription,SPINRAZA,12/12/2017,Primo-inscription,12/12/2017,2,SPINRAZA|nusinersen|Amyotrophie spinale
obinutuzumab,LeucÃ©mie lymphoÃ¯de chronique,https://www.has-sante.fr/jcms/c_2019122/fr/gazyvaro-obinutuzumab-anticorps-monoclonal-anti-cd20-recombinant-humain-de-type-ii#analyseEco,RÃ©Ã©valuation,GAZYVARO,2/13/2018,RÃ©Ã©valuation,2/13/2018,2,GAZYVARO|obinutuzumab|LeucÃ©mie lymphoÃ¯de chronique
atezolizumab,Cancer bronchique non Ã  petites cellules (CBNPC) localement avancÃ© ou mÃ©tastatique aprÃ¨s une chimiothÃ©rapie antÃ©rieure,https://www.has-sante.fr/jcms/c_2856045/fr/tecentriq-cancer-bronchique-non-a-petites-cellules-2eme-ligne#analyseEco,Primo-inscription,TECENTRIQ,3/13/2018,Primo-inscription,3/13/2018,2,TECENTRIQ|atezolizumab|Cancer bronchique non Ã  petites cellules (CBNPC) localement avancÃ© ou mÃ©tastatique aprÃ¨s une chimiothÃ©rapie antÃ©rieure
dabigatran,PrÃ©vention de lâaccident vasculaire cÃ©rÃ©bral et de lâembolie systÃ©mique,https://www.has-sante.fr/jcms/c_2826822/fr/pradaxa#analyseEco,RÃ©Ã©valuation,PRADAXA,3/13/2018,RÃ©Ã©valuation,3/13/2018,2,PRADAXA|dabigatran|PrÃ©vention de lâaccident vasculaire cÃ©rÃ©bral et de lâembolie systÃ©mique
midostaurine,"Mastocytose systÃ©mique agressive, mastocytose systÃ©mique associÃ©e Ã  une autre hÃ©mopathie maligne, leucÃ©mie Ã  mastocytes",https://www.has-sante.fr/jcms/c_2861089/fr/rydapt-midostaurine-inhibiteur-de-tyrosine-kinase-mastocytose#analyseEco,Primo-inscription,RYDAPT,4/10/2018,Primo-inscription,4/10/2018,2,"RYDAPT|midostaurine|Mastocytose systÃ©mique agressive, mastocytose systÃ©mique associÃ©e Ã  une autre hÃ©mopathie maligne, leucÃ©mie Ã  mastocytes"
dupilumab,Dermatite atopique modÃ©rÃ©e Ã  sÃ©vÃ¨re,https://www.has-sante.fr/jcms/c_2865400/fr/dupixent-dupilumab-medicament-de-la-dermatite-non-corticoide#analyseEco,Primo-inscription,DUPIXENT,5/22/2018,Primo-inscription,5/22/2018,2,DUPIXENT|dupilumab|Dermatite atopique modÃ©rÃ©e Ã  sÃ©vÃ¨re
Lu-DOTA-octrÃ©otate,Tumeurs neuroendocrines gastro-entÃ©ro-pancrÃ©atiques (TNE-GEP),https://www.has-sante.fr/jcms/c_2864194/fr/lutathera-177lutecium-oxodotreotide-radiopharmaceutique#analyseEco,Primo-inscription,LUTATHERA,5/22/2018,Primo-inscription,5/22/2018,2,LUTATHERA|Lu-DOTA-octrÃ©otate|Tumeurs neuroendocrines gastro-entÃ©ro-pancrÃ©atiques (TNE-GEP)
midostaurine,LeucÃ©mie aiguÃ« myÃ©loÃ¯de,https://www.has-sante.fr/jcms/c_2862069/fr/rydapt-midostaurine-inhibiteur-de-tyrosine-kinase#analyseEco,Primo-inscription,RYDAPT,5/22/2018,Primo-inscription,5/22/2018,2,RYDAPT|midostaurine|LeucÃ©mie aiguÃ« myÃ©loÃ¯de
ribociclib,Cancer du sein (RH+/HER2-) localement avancÃ© ou mÃ©tastatique,https://www.has-sante.fr/jcms/c_2827573/fr/kisqali#analyseEco,Primo-inscription,KISQALI,5/22/2018,Primo-inscription,5/22/2018,2,KISQALI|ribociclib|Cancer du sein (RH+/HER2-) localement avancÃ© ou mÃ©tastatique
abiraterone,Cancer mÃ©tastatique de la prostate hormono-sensible (mHSPC) Ã  haut risque nouvellement diagnostiquÃ©,https://www.has-sante.fr/jcms/c_2857377/fr/zytiga-acetate-d-abiraterone-inhibiteur-de-la-synthese-des-androgenes#analyseEco,Extension d'indication,ZYTIGA,7/10/2018,Extension d'indication,7/10/2018,2,ZYTIGA|abiraterone|Cancer mÃ©tastatique de la prostate hormono-sensible (mHSPC) Ã  haut risque nouvellement diagnostiquÃ©
alectinib,Cancer bronchique non Ã  petites cellules (CBNPC) localement avancÃ© ou mÃ©tastatique,https://www.has-sante.fr/jcms/c_2857802/fr/alecensa-alectinib-inhibiteur-de-tyrosine-kinase#analyseEco,Extension d'indication,ALECENSA,7/10/2018,Extension d'indication,7/10/2018,2,ALECENSA|alectinib|Cancer bronchique non Ã  petites cellules (CBNPC) localement avancÃ© ou mÃ©tastatique
niraparib,"Cancer Ã©pithÃ©lial sÃ©reux de haut grade de l'ovaire, des trompes de
Fallope ou pÃ©ritonÃ©al primitif",https://www.has-sante.fr/jcms/c_2867845/fr/zejula-niraparib-inhibiteur-de-parp-poly-adp-ribose-polymerase#analyseEco,Primo-inscription,ZEJULA,7/10/2018,Primo-inscription,7/10/2018,2,"ZEJULA|niraparib|Cancer Ã©pithÃ©lial sÃ©reux de haut grade de l'ovaire, des trompes de
Fallope ou pÃ©ritonÃ©al primitif"
pembrolizumab,Â Carcinome urothÃ©lial (2e ligne),https://www.has-sante.fr/jcms/c_2830777/fr/keytruda-carcinome-urothelial#analyseEco,Extension d'indication,KEYTRUDA,7/10/2018,Extension d'indication,7/10/2018,2,KEYTRUDA|pembrolizumab|Â Carcinome urothÃ©lial (2e ligne)
atezolizumab,Cancer bronchique non Ã  petites cellules (CBNPC) localement avancÃ© ou mÃ©tastatiqu,https://www.has-sante.fr/jcms/c_2856045/fr/tecentriq-cancer-bronchique-non-a-petites-cellules-2eme-ligne#analyseEco,RÃ©Ã©valuation,TECENTRIQ,10/9/2018,RÃ©Ã©valuation,10/9/2018,2,TECENTRIQ|atezolizumab|Cancer bronchique non Ã  petites cellules (CBNPC) localement avancÃ© ou mÃ©tastatiqu
emicizumab,HÃ©mophilie,https://www.has-sante.fr/jcms/c_2868847/fr/hemlibra-emicizumab-hemostatique#analyseEco,Primo-inscription,HEMLIBRA,10/9/2018,Primo-inscription,10/9/2018,2,HEMLIBRA|emicizumab|HÃ©mophilie
ocrelizumab,SclÃ©rose en Plaques primaire progressive (SEP-PP),https://www.has-sante.fr/jcms/c_2863557/fr/ocrevus-ocrelizumab-immunosuppresseur-sep-d-emblee-progressive#analyseEco,Primo-inscription,OCREVUS SEP-PP,10/9/2018,Primo-inscription,10/9/2018,2,OCREVUS SEP-PP|ocrelizumab|SclÃ©rose en Plaques primaire progressive (SEP-PP)
ocrelizumab,SclÃ©rose en Plaques RÃ©currente (SEP-R),https://www.has-sante.fr/jcms/c_2868189/fr/ocrevus-sep-recurrente#analyseEco,Primo-inscription,SEP-R,10/9/2018,Primo-inscription,10/9/2018,2,SEP-R|ocrelizumab|SclÃ©rose en Plaques RÃ©currente (SEP-R)
ocrelizumab,"SEP-PP et SEP-R, analyse d'impact budgÃ©taire",https://www.has-sante.fr/jcms/c_2863557/fr/ocrevus-ocrelizumab-immunosuppresseur-sep-d-emblee-progressive#analyseEco,Primo-inscription,OCREVUS,10/9/2018,Primo-inscription,10/9/2018,2,"OCREVUS|ocrelizumab|SEP-PP et SEP-R, analyse d'impact budgÃ©taire"
DM,Pansement - UlcÃ¨re du pied diabÃ©tique,https://www.has-sante.fr/jcms/c_2867136/fr/urgostart#videotoc_1_1,Extension d'indication,UrgoStart,11/13/2018,Extension d'indication,11/13/2018,2,UrgoStart|DM|Pansement - UlcÃ¨re du pied diabÃ©tique
DM,Pansement - UlcÃ¨re veineux de la jambe,https://www.has-sante.fr/jcms/c_2867136/fr/urgostart#videotoc_1_1,renouvellement,UrgoStart,11/13/2018,renouvellement,11/13/2018,2,UrgoStart|DM|Pansement - UlcÃ¨re veineux de la jambe
DM,"Valve aortique implantÃ©e par voie transartÃ©rielle (haut risque, risque intermÃ©diaire)",https://www.has-sante.fr/jcms/c_2873541/fr/corevalve-evolut-r#analyseEco,Extension d'indication,COREVALVE,12/11/2018,Extension d'indication,12/11/2018,2,"COREVALVE|DM|Valve aortique implantÃ©e par voie transartÃ©rielle (haut risque, risque intermÃ©diaire)"
Y-90 resin microspheres,Carcinome hÃ©patocellulaire inopÃ©rable,https://www.has-sante.fr/jcms/c_2892909/fr/sir-spheres#analyseEco,Extension d'indication,SIR-SphÃ¨res,12/11/2018,Extension d'indication,12/11/2018,2,SIR-SphÃ¨res|Y-90 resin microspheres|Carcinome hÃ©patocellulaire inopÃ©rable
axicabtagene ciloleucel,Lymphome diffus Ã  grandes cellules B et lymphome mÃ©diastinal primitifÂ  Ã  grandes cellules B,https://www.has-sante.fr/jcms/c_2888882/fr/yescarta-axicabtagene-ciloleucel-car-t-anti-cd19#analyseEco,Primo-inscription,YESCARTA,1/15/2019,Primo-inscription,1/15/2019,2,YESCARTA|axicabtagene ciloleucel|Lymphome diffus Ã  grandes cellules B et lymphome mÃ©diastinal primitifÂ  Ã  grandes cellules B
liraglutide,DiabÃ¨te de type 2,https://www.has-sante.fr/jcms/c_2894920/fr/victoza#analyseEco,RÃ©Ã©valuation,VICTOZA,1/15/2019,RÃ©Ã©valuation,1/15/2019,2,VICTOZA|liraglutide|DiabÃ¨te de type 2
tisagenlecleucel,LeucÃ©mie aiguÃ« lymphoblastique,https://www.has-sante.fr/jcms/c_2891689/fr/kymriah-tisagenlecleucel-car-t-anti-cd19-lal#analyseEco,Primo-inscription,KYMRIAH,1/15/2019,Primo-inscription,1/15/2019,2,KYMRIAH|tisagenlecleucel|LeucÃ©mie aiguÃ« lymphoblastique
tisagenlecleucel,Lymphome diffus Ã  grandes cellules B,https://www.has-sante.fr/jcms/c_2891692/fr/kymriah-tisagenlecleucel-car-t-anti-cd19-ldgcb#analyseEco,Primo-inscription,KYMRIAH LDGCB,1/15/2019,Primo-inscription,1/15/2019,2,KYMRIAH LDGCB|tisagenlecleucel|Lymphome diffus Ã  grandes cellules B
erenumab,Â Migraine sÃ©vÃ¨re,https://www.has-sante.fr/jcms/c_2908652/fr/aimovig#analyseEco,Primo-inscription,AIMOVIG,2/12/2019,Primo-inscription,2/12/2019,2,AIMOVIG|erenumab|Â Migraine sÃ©vÃ¨re
pembrolizumab,Cancer bronchique non Ã  petites cellules non Ã©pidermoÃ¯de (1re ligne),https://www.has-sante.fr/jcms/c_2906433/fr/keytruda-cancer-bronchique-non-a-petites-cellules-1ere-ligne#analyseEco,Extension d'indication,KEYTRUDA,2/12/2019,Extension d'indication,2/12/2019,2,KEYTRUDA|pembrolizumab|Cancer bronchique non Ã  petites cellules non Ã©pidermoÃ¯de (1re ligne)
enzalutamide,Cancer mÃ©tastatique de la prostate rÃ©sistant Ã  la castration aprÃ¨s une chimiothÃ©rapie Ã  base de docÃ©taxel,https://www.has-sante.fr/jcms/p_3076390/fr/xtandi-40-mg#analyseEco,Renouvellement,XTANDI,3/19/2019,Renouvellement,3/19/2019,2,XTANDI|enzalutamide|Cancer mÃ©tastatique de la prostate rÃ©sistant Ã  la castration aprÃ¨s une chimiothÃ©rapie Ã  base de docÃ©taxel
nivolumab,Traitement adjuvant du mÃ©lanome,https://www.has-sante.fr/jcms/c_2897014/fr/opdivo-melanome#analyseEco,Extension d'indication,OPDIVO,4/16/2019,Extension d'indication,4/16/2019,2,OPDIVO|nivolumab|Traitement adjuvant du mÃ©lanome
durvalumab,"Cancer bronchique non Ã  petites cellules localement avancÃ©, non opÃ©rable",https://www.has-sante.fr/jcms/c_2908478/fr/imfinzi-cancer-bronchique-non-a-petites-cellules-2eme-ligne#analyseEco,Primo-inscription,IMFINZI,5/14/2019,Primo-inscription,5/14/2019,2,"IMFINZI|durvalumab|Cancer bronchique non Ã  petites cellules localement avancÃ©, non opÃ©rable"
inotersen,Amylose hÃ©rÃ©diatire Ã  transthyrÃ©tine (hATTR),https://www.has-sante.fr/jcms/c_2965636/fr/tegsedi#analyseEco,Primo-inscription,TEGSEDI,5/14/2019,Primo-inscription,5/14/2019,2,TEGSEDI|inotersen|Amylose hÃ©rÃ©diatire Ã  transthyrÃ©tine (hATTR)
trametinib/dabrafenib,Traitement adjuvant du mÃ©lanome,https://www.has-sante.fr/jcms/c_2911595/fr/mekinist-tafinlar#analyseEco,Extension d'indication,TAFINLAR MEKINIST,5/14/2019,Extension d'indication,5/14/2019,2,TAFINLAR MEKINIST|trametinib/dabrafenib|Traitement adjuvant du mÃ©lanome
vÃ©nÃ©toclax,LeucÃ©mie lymphoÃ¯de chronique (en 2e ligne ou plus),https://www.has-sante.fr/jcms/p_3106167/fr/venclyxto#analyseEco,Extension d'indication,VENCLYXTO,5/14/2019,Extension d'indication,5/14/2019,2,VENCLYXTO|vÃ©nÃ©toclax|LeucÃ©mie lymphoÃ¯de chronique (en 2e ligne ou plus)
voretigene neparvovec,Distrophine rÃ©tinienne hÃ©rÃ©ditaire,https://www.has-sante.fr/jcms/c_2964759/fr/luxturna#analyseEco,Primo-inscription,LUXTURNA,5/14/2019,Primo-inscription,5/14/2019,2,LUXTURNA|voretigene neparvovec|Distrophine rÃ©tinienne hÃ©rÃ©ditaire
patisiran,Amylose hÃ©rÃ©diatire Ã  transthyrÃ©tine (hATTR),https://www.has-sante.fr/jcms/c_2912140/fr/onpattro#analyseEco,Primo-inscription,ONPATTRO,6/11/2019,Primo-inscription,6/11/2019,2,ONPATTRO|patisiran|Amylose hÃ©rÃ©diatire Ã  transthyrÃ©tine (hATTR)
atezolizumab,Cancer bronchique non Ã  petites cellules non Ã©pidermoÃ¯de (1re ligne),https://www.has-sante.fr/jcms/p_3113584/fr/tecentriq-cancer-bronchique-non-a-petites-cellules-1ere-ligne#analyseEco,Extension d'indication,TECENTRIQ,7/16/2019,Extension d'indication,7/16/2019,2,TECENTRIQ|atezolizumab|Cancer bronchique non Ã  petites cellules non Ã©pidermoÃ¯de (1re ligne)
enzalutamide,"Cancer de la prostate rÃ©sistant Ã  la castration, non mÃ©tastatique Ã  haut risque",https://www.has-sante.fr/jcms/p_3069202/fr/xtandi#analyseEco,Extension d'indication,XTANDI,7/16/2019,Extension d'indication,7/16/2019,2,"XTANDI|enzalutamide|Cancer de la prostate rÃ©sistant Ã  la castration, non mÃ©tastatique Ã  haut risque"
pembrolizumab,Traitement adjuvant du mÃ©lanome de stade III aprÃ¨s rÃ©section complÃ¨te,https://www.has-sante.fr/jcms/p_3081878/fr/keytruda-melanome#analyseEco,Extension d'indication,KEYTRUDA,7/16/2019,Extension d'indication,7/16/2019,2,KEYTRUDA|pembrolizumab|Traitement adjuvant du mÃ©lanome de stade III aprÃ¨s rÃ©section complÃ¨te
apalutamide,Cancer de la prostate rÃ©sistant Ã  la castration non mÃ©tastatique Ã  risque Ã©levÃ©,https://www.has-sante.fr/jcms/p_3076072/fr/erleada#analyseEco,Primo-inscription,ERLEADA,9/17/2019,Primo-inscription,9/17/2019,2,ERLEADA|apalutamide|Cancer de la prostate rÃ©sistant Ã  la castration non mÃ©tastatique Ã  risque Ã©levÃ©
lanadelumab,PrÃ©vention des crises rÃ©currentes dâangio-oedÃ¨me hÃ©rÃ©ditaire (AOH) chez les patients Ã¢gÃ©s de 12 ans et plus,https://www.has-sante.fr/jcms/c_2973363/fr/takhzyro#analyseEco,Primo-inscription,TAKHZYRO,10/15/2019,Primo-inscription,10/15/2019,2,TAKHZYRO|lanadelumab|PrÃ©vention des crises rÃ©currentes dâangio-oedÃ¨me hÃ©rÃ©ditaire (AOH) chez les patients Ã¢gÃ©s de 12 ans et plus
nivolumab,Carcinome Ã  cellules rÃ©nales an association Ã  ipilimumab (1re ligne),https://www.has-sante.fr/jcms/p_3097610/fr/opdivo-yervoy-carcinome-renal-1ere-ligne#analyseEco,Extension d'indication,OPDIVO,10/15/2019,Extension d'indication,10/15/2019,2,OPDIVO|nivolumab|Carcinome Ã  cellules rÃ©nales an association Ã  ipilimumab (1re ligne)
pembrolizumab,"Cancer bronchique non Ã  petites cellules Ã©pidermoÃ¯de (1re ligne), association Ã  sel de platine +pemetrexed",https://www.has-sante.fr/jcms/p_3112911/fr/keytruda-cancer-bronchique-non-a-petites-cellules-1ere-ligne#analyseEco,Extension d'indication,KEYTRUDA,10/15/2019,Extension d'indication,10/15/2019,2,"KEYTRUDA|pembrolizumab|Cancer bronchique non Ã  petites cellules Ã©pidermoÃ¯de (1re ligne), association Ã  sel de platine +pemetrexed"
ruxolitinib,"SplÃ©nomÃ©galie ou symptÃ´mes liÃ©s Ã  la maladie chez lâadulte atteint de myÃ©lofibrose primitive, de myÃ©lofibrose secondaire Ã  la maladie de VaquezÂ ou de myÃ©lofibrose secondaire Ã  la thrombocytÃ©mie essentielle",https://www.has-sante.fr/jcms/c_2658531/fr/jakavi#analyseEco,Renouvellement,JAKAVI,10/15/2019,Renouvellement,10/15/2019,2,"JAKAVI|ruxolitinib|SplÃ©nomÃ©galie ou symptÃ´mes liÃ©s Ã  la maladie chez lâadulte atteint de myÃ©lofibrose primitive, de myÃ©lofibrose secondaire Ã  la maladie de VaquezÂ ou de myÃ©lofibrose secondaire Ã  la thrombocytÃ©mie essentielle"
DM,Dispositif mÃ©dical - OrthopÃ©die (infectiologie),https://www.has-sante.fr/jcms/p_3106819/fr/dac#analyseEco,Primo-inscription,Kit DAC,11/12/2019,Primo-inscription,11/12/2019,2,Kit DAC|DM|Dispositif mÃ©dical - OrthopÃ©die (infectiologie)
DM,Dispositif mÃ©dical implantable - Cardiologie,https://www.has-sante.fr/jcms/c_2011106/fr/amplatzer-amulet-left-atrial-appendage-occluder#analyseEco,Primo-inscription,AMPLAZER,12/17/2019,Primo-inscription,12/17/2019,2,AMPLAZER|DM|Dispositif mÃ©dical implantable - Cardiologie
DM,Dispositif mÃ©dical implantable - Insuffisance mitrale secondaire,https://www.has-sante.fr/jcms/p_3120496/fr/mitraclip-ntr#videotoc_1_1,Extension d'indication,MITRACLIP NTR/XTR,1/21/2020,Extension d'indication,1/21/2020,2,MITRACLIP NTR/XTR|DM|Dispositif mÃ©dical implantable - Insuffisance mitrale secondaire
cellules CD34+ autologues encodant le gÃªne Î²A-T87Q-globine,Î²-thalassÃ©mie chez les patients Ã¢gÃ©s de 12 ans et plus,https://www.has-sante.fr/jcms/p_3165706/fr/zynteglo#analyseEco,Primo-inscription,ZYNTEGLO,2/11/2020,Primo-inscription,2/11/2020,2,ZYNTEGLO|cellules CD34+ autologues encodant le gÃªne Î²A-T87Q-globine|Î²-thalassÃ©mie chez les patients Ã¢gÃ©s de 12 ans et plus
DM,Dispositif mÃ©dical implantable - Insuffisance cardiaque chronique,https://www.has-sante.fr/jcms/p_3167723/fr/optimizer-smart#analyseEco,Primo-inscription,OPTIMIZER SMART,2/11/2020,Primo-inscription,2/11/2020,2,OPTIMIZER SMART|DM|Dispositif mÃ©dical implantable - Insuffisance cardiaque chronique
dupilumab,Dermatite atopique modÃ©rÃ©e Ã  sÃ©vÃ¨re qui nÃ©cessite un traitement systÃ©miqueÂ chez lesÂ adolescents Ã¢gÃ©s de 12 ans et plus,https://www.has-sante.fr/jcms/p_3168602/fr/dupixent#analyseEco,Extension d'indication,DUPIXENT,2/11/2020,Extension d'indication,2/11/2020,2,DUPIXENT|dupilumab|Dermatite atopique modÃ©rÃ©e Ã  sÃ©vÃ¨re qui nÃ©cessite un traitement systÃ©miqueÂ chez lesÂ adolescents Ã¢gÃ©s de 12 ans et plus
pembrolizumab,Carcinome Ã  cellules rÃ©nales (1re ligne),https://www.has-sante.fr/jcms/p_3184677/fr/keytruda-cancer-du-rein#analyseEco,Extension d'indication,KEYTRUDA,3/10/2020,Extension d'indication,3/10/2020,2,KEYTRUDA|pembrolizumab|Carcinome Ã  cellules rÃ©nales (1re ligne)
AtÃ©zolizumab,Cancer bronchique Ã  petites cellules de stade Ã©tendu (en 1re ligne),https://www.has-sante.fr/jcms/p_3167438/fr/tecentriq#analyseEco,Extension d'indication,TECENTRIQ,3/11/2020,Extension d'indication,3/11/2020,2,TECENTRIQ|AtÃ©zolizumab|Cancer bronchique Ã  petites cellules de stade Ã©tendu (en 1re ligne)
AtÃ©zolizumab,Cancer du sein triple nÃ©gatif localement avancÃ© non rÃ©sÃ©cable ou mÃ©tastatique (PD-L1 â¥ 1%)(1re ligne),https://www.has-sante.fr/jcms/p_3167438/fr/tecentriq#analyseEco,Primo-inscription,TECENTRIQ,3/11/2020,Primo-inscription,3/11/2020,2,TECENTRIQ|AtÃ©zolizumab|Cancer du sein triple nÃ©gatif localement avancÃ© non rÃ©sÃ©cable ou mÃ©tastatique (PD-L1 â¥ 1%)(1re ligne)
cannabidiol,Crises dâÃ©pilepsie associÃ©es au syndrome de Lennox Gastaut (SLG) ou au syndrome de Dravet (SD) chez les patients pharmacorÃ©sistants de 2 ans et plus,https://www.has-sante.fr/jcms/p_3184448/fr/epidyolex#analyseEco,Primo-inscription,EPIDYOLEX,4/21/2020,Primo-inscription,4/21/2020,2,EPIDYOLEX|cannabidiol|Crises dâÃ©pilepsie associÃ©es au syndrome de Lennox Gastaut (SLG) ou au syndrome de Dravet (SD) chez les patients pharmacorÃ©sistants de 2 ans et plus
olaparib,"Cancer Ã©pithÃ©lial avancÃ© (stades FIGO III et IV) de haut grade de l'ovaire, des trompes de Fallope ou pÃ©ritonÃ©al primitif",https://www.has-sante.fr/jcms/p_3135598/fr/lynparza#analyseEco,Extension d'indication,LYNPARZA,4/21/2020,Extension d'indication,4/21/2020,2,"LYNPARZA|olaparib|Cancer Ã©pithÃ©lial avancÃ© (stades FIGO III et IV) de haut grade de l'ovaire, des trompes de Fallope ou pÃ©ritonÃ©al primitif"
trastuzumab emtansine,Cancer du sein prÃ©coce HER2+,https://www.has-sante.fr/jcms/p_3188463/fr/kadcyla#analyseEco,Extension d'indication,KADCYLA,5/12/2020,Extension d'indication,5/12/2020,2,KADCYLA|trastuzumab emtansine|Cancer du sein prÃ©coce HER2+
Dupilumab,"Polypose naso-sinusienne sÃ©vÃ¨re insuffisamment contrÃ´lÃ©s par des corticoÃ¯des systÃ©miques et la chirurgie, chez l'adulte",https://www.has-sante.fr/jcms/c_2865400/fr/dupixent-dupilumab-medicament-de-la-dermatite-non-corticoide#analyseEco,Extension d'indication,DUPIXENT,6/16/2020,Extension d'indication,6/16/2020,2,"DUPIXENT|Dupilumab|Polypose naso-sinusienne sÃ©vÃ¨re insuffisamment contrÃ´lÃ©s par des corticoÃ¯des systÃ©miques et la chirurgie, chez l'adulte"
giltÃ©ritinib,LeucÃ©mie aigÃ¼e myÃ©loÃ¯de (LAM) en rechute ou rÃ©fractaire porteurs dâune mutation du gÃ¨ne FLT3,https://www.has-sante.fr/jcms/p_3192321/fr/xospata#analyseEco,Primo-inscription,XOSPATA,6/16/2020,Primo-inscription,6/16/2020,2,XOSPATA|giltÃ©ritinib|LeucÃ©mie aigÃ¼e myÃ©loÃ¯de (LAM) en rechute ou rÃ©fractaire porteurs dâune mutation du gÃ¨ne FLT3
tezacaftor/ivacaftor,"Mucoviscidose, hÃ©tÃ©rozygotes pour la mutation F508del et porteurs de lâune des mutations suivantes du gÃ¨ne CFTR (12 ans et plus)",https://www.has-sante.fr/jcms/p_3184439/fr/symkevi-/-kalydeco#analyseEco,Primo-inscription,SYMKEVI,6/16/2020,Primo-inscription,6/16/2020,2,"SYMKEVI|tezacaftor/ivacaftor|Mucoviscidose, hÃ©tÃ©rozygotes pour la mutation F508del et porteurs de lâune des mutations suivantes du gÃ¨ne CFTR (12 ans et plus)"
vaccin grippal quadrivalent,Immunisation active des personnes Ã¢gÃ©es de 65 ans et plus en prÃ©vention de la grippe,https://www.has-sante.fr/jcms/p_3191303/fr/efluelda#analyseEco,Primo-inscription,EFLUELDA,6/25/2020,Primo-inscription,6/25/2020,2,EFLUELDA|vaccin grippal quadrivalent|Immunisation active des personnes Ã¢gÃ©es de 65 ans et plus en prÃ©vention de la grippe
apalutamide,Cancer de la prostate mÃ©tastatique hormonosensible (mHSPC),https://www.has-sante.fr/jcms/p_3191918/fr/erleada#analyseEco,Extension d'indication,ERLEADA,7/16/2020,Extension d'indication,7/16/2020,2,ERLEADA|apalutamide|Cancer de la prostate mÃ©tastatique hormonosensible (mHSPC)
pembrolizumab,Carcinome Ã©pidermoÃ¯de de la tÃªte et du cou (CETEC) mÃ©tastatique ou rÃ©cidivant non rÃ©sÃ©cable dont les tumeurs expriment PD-L1 (1re ligne),https://www.has-sante.fr/jcms/p_3190303/fr/keytruda-carcinome-epidermoide-de-la-tete-et-du-cou-cetec#analyseEco,Extension d'indication,KEYTRUDA,7/16/2020,Extension d'indication,7/16/2020,2,KEYTRUDA|pembrolizumab|Carcinome Ã©pidermoÃ¯de de la tÃªte et du cou (CETEC) mÃ©tastatique ou rÃ©cidivant non rÃ©sÃ©cable dont les tumeurs expriment PD-L1 (1re ligne)
polatuzumab vedotin,Lymphome diffus Ã  grandes cellules B (LDGCB) en rechute ou rÃ©fractaire (R/R),https://www.has-sante.fr/jcms/p_3196691/fr/polivy#analyseEco,Primo-inscription,POLIVY,7/16/2020,Primo-inscription,7/16/2020,2,POLIVY|polatuzumab vedotin|Lymphome diffus Ã  grandes cellules B (LDGCB) en rechute ou rÃ©fractaire (R/R)
remdesivir,Maladie Ã  coronavirus 2019 (COVID-19) chez les patients ayant une pneumonie oxygÃ©nore-quÃ©rante,https://www.has-sante.fr/jcms/p_3201793/fr/veklury#analyseEco,Primo-inscription,VEKLURY,7/16/2020,Primo-inscription,7/16/2020,2,VEKLURY|remdesivir|Maladie Ã  coronavirus 2019 (COVID-19) chez les patients ayant une pneumonie oxygÃ©nore-quÃ©rante
givosiran,Porphyrie hÃ©patique aigÃ¼e (PHA) chez les adultes et les adolescents de 12 ans et plus,https://www.has-sante.fr/jcms/p_3191915/fr/givlaari#analyseEco,Primo-inscription,GIVLAARI,9/15/2020,Primo-inscription,9/15/2020,2,GIVLAARI|givosiran|Porphyrie hÃ©patique aigÃ¼e (PHA) chez les adultes et les adolescents de 12 ans et plus
eculizumab,Maladie du spectre de la neuromyÃ©lite optique (NMOSD),https://www.has-sante.fr/jcms/p_3202348/fr/soliris#analyseEco,Extension d'indication,SOLIRIS,10/13/2020,Extension d'indication,10/13/2020,2,SOLIRIS|eculizumab|Maladie du spectre de la neuromyÃ©lite optique (NMOSD)
ribociclib,Cancer du sein (RH+/HER2-) localement avancÃ© ou mÃ©tastatique,https://www.has-sante.fr/jcms/p_3199713/fr/kisqali#analyseEco,RÃ©Ã©valuation,KISQALI,10/13/2020,RÃ©Ã©valuation,10/13/2020,2,KISQALI|ribociclib|Cancer du sein (RH+/HER2-) localement avancÃ© ou mÃ©tastatique
tafamidis,Amylose cardiaque Ã  transthyrÃ©tine (ATTR-CM),https://www.has-sante.fr/jcms/p_3212995/fr/vyndaqel#analyseEco,Primo-inscription,VYNDAQEL,11/17/2020,Primo-inscription,11/17/2020,2,VYNDAQEL|tafamidis|Amylose cardiaque Ã  transthyrÃ©tine (ATTR-CM)
bulÃ©virtide,HÃ©patite D,https://www.has-sante.fr/jcms/p_3224940/fr/hepcludex#analyseEco,Primo-inscription,HEPCLUDEX,12/15/2020,Primo-inscription,12/15/2020,2,HEPCLUDEX|bulÃ©virtide|HÃ©patite D
isatuximab,MyÃ©lome multiple en rechute et rÃ©fractaire,https://www.has-sante.fr/jcms/p_3223297/fr/sarclisa#analyseEco,Primo-inscription,SARCLISA,12/15/2020,Primo-inscription,12/15/2020,2,SARCLISA|isatuximab|MyÃ©lome multiple en rechute et rÃ©fractaire
onasemnogene abeparvocec,Amyotrophie spinale (SMA),https://www.has-sante.fr/jcms/p_3224937/fr/zolgensma#analyseEco,Primo-inscription,ZOLGENSMA,12/15/2020,Primo-inscription,12/15/2020,2,ZOLGENSMA|onasemnogene abeparvocec|Amyotrophie spinale (SMA)
DM,Insuffisance cardiaques (IC),https://www.has-sante.fr/jcms/p_3267496/fr/cardiomems#analyseEco,Primo-inscription,CARDIOMEMS,1/12/2021,Primo-inscription,1/12/2021,2,CARDIOMEMS|DM|Insuffisance cardiaques (IC)
elexacaftor/tezacaftor/ivacaftor,Mucoviscidose,https://www.has-sante.fr/jcms/p_3220388/fr/kaftrio-/-kalydeco#analyseEco,Primo-inscription,KAFTRIO,2/9/2021,Primo-inscription,2/9/2021,2,KAFTRIO|elexacaftor/tezacaftor/ivacaftor|Mucoviscidose
encorafÃ©nib,Cancer colorectal mÃ©tastatique,https://www.has-sante.fr/jcms/p_3225446/fr/braftovi#analyseEco,Extension d'indication,BRAFTOVI,2/9/2021,Extension d'indication,2/9/2021,2,BRAFTOVI|encorafÃ©nib|Cancer colorectal mÃ©tastatique
DM,StÃ©nose aortique sÃ©vÃ¨re symptomatique chez les patients Ã  faible risque chirurgical,https://www.has-sante.fr/jcms/p_3244168/fr/sapien-3-modele-9600-tfx-bioprothese-valvulaire-aortique-avec-systeme-de-mise-en-place-edwards-commander#analyseEco,Extension d'indication,SAPIEN 3,3/9/2021,Extension d'indication,3/9/2021,2,SAPIEN 3|DM|StÃ©nose aortique sÃ©vÃ¨re symptomatique chez les patients Ã  faible risque chirurgical
acalabrutinib,LeucÃ©mie lymphoÃ¯de chronique (LLC),https://www.has-sante.fr/jcms/p_3265516/fr/calquence-acalabrutinib#analyseEco,Primo-inscription,CALQUENCE,4/13/2021,Primo-inscription,4/13/2021,2,CALQUENCE|acalabrutinib|LeucÃ©mie lymphoÃ¯de chronique (LLC)
atezolizumab,Carcinome hÃ©patocellulaire,https://www.has-sante.fr/jcms/p_3240699/fr/tecentriq-carcinome-hepatocellulaire-chc#analyseEco,Extension d'indication,TECENTRIQ,4/13/2021,Extension d'indication,4/13/2021,2,TECENTRIQ|atezolizumab|Carcinome hÃ©patocellulaire
DM,Glioblastome,https://www.has-sante.fr/jcms/p_3275962/fr/optune#analyseEco,Primo-inscription,OPTUNE,4/13/2021,Primo-inscription,4/13/2021,2,OPTUNE|DM|Glioblastome
DM,StÃ©nose aortique sÃ©vÃ¨re symptomatique chez les patients Ã  faible risque chirurgical.,"https://www.has-sante.fr/jcms/p_3238888/fr/corevalve-evolut-r#analyseEco
 https://www.has-sante.fr/jcms/p_3238891/fr/corevalve-evolut-pro#analyseEco",Extension d'indication,COREVALVE  EVOLUT R et EVROLU PRO,5/11/2021,Extension d'indication,5/11/2021,2,COREVALVE  EVOLUT R et EVROLU PRO|DM|StÃ©nose aortique sÃ©vÃ¨re symptomatique chez les patients Ã  faible risque chirurgical.
lumasiran,hyperoxalurie primitive de type 1,https://www.has-sante.fr/jcms/p_3266578/fr/oxlumo-94-5-mg/0-5-ml-lumasiran,Primo-inscription,OXLUMO,5/11/2021,Primo-inscription,5/11/2021,2,OXLUMO|lumasiran|hyperoxalurie primitive de type 1
cellules autologues CD3+ transduites anti-CD19,Lymphome Ã  cellules du manteau (LCM),https://www.has-sante.fr/jcms/p_3265892/fr/tecartus-cellules-autologues-cd3-transduites-anti-cd19#analyseEco,Primo-inscription,TECARTUS,6/8/2021,Primo-inscription,6/8/2021,2,TECARTUS|cellules autologues CD3+ transduites anti-CD19|Lymphome Ã  cellules du manteau (LCM)
ofatumumab,SclÃ©rose en plaques rÃ©currente (SEP-R),https://www.has-sante.fr/jcms/p_3270638/fr/kesimpta-ofatumumab,Primo-inscription,KESIMPTA,6/8/2021,Primo-inscription,6/8/2021,2,KESIMPTA|ofatumumab|SclÃ©rose en plaques rÃ©currente (SEP-R)
dupilumab,Dermatite atopique (DA) â Enfant,https://www.has-sante.fr/jcms/p_3262655/fr/dupixent-dupilumab-dermatite-atopique-severe-enfant#analyseEco,Extension d'indication,DUPIXENT,7/6/2021,Extension d'indication,7/6/2021,2,DUPIXENT|dupilumab|Dermatite atopique (DA) â Enfant
trastuzumab dÃ©ruxtÃ©can,Cancer du sein,https://www.has-sante.fr/jcms/p_3272596/fr/enhertu-trastuzumab-deruxtecan#analyseEco,Primo-inscription,ENHERTU,7/6/2021,Primo-inscription,7/6/2021,2,ENHERTU|trastuzumab dÃ©ruxtÃ©can|Cancer du sein
tucatinib,Cancer du sein,https://www.has-sante.fr/jcms/p_3273459/fr/tukysa-tucatinib#analyseEco,Primo-inscription,TUKYSA,7/6/2021,Primo-inscription,7/6/2021,2,TUKYSA|tucatinib|Cancer du sein
risdiplam,Amyotrophie spinale (SMA),https://www.has-sante.fr/jcms/p_3289078/fr/evrysdi-0-75-mg/ml-risdiplam#videotoc_1_1,Primo-inscription,EVRYSDI,9/14/2021,Primo-inscription,9/14/2021,2,EVRYSDI|risdiplam|Amyotrophie spinale (SMA)
vÃ©nÃ©toclax,LeucÃ©mie aigÃ¼e myÃ©loÃ¯de (LAM),https://www.has-sante.fr/jcms/p_3284614/fr/venclyxto-venetoclax-leucemie-aigue-myeloide#analyseEco,Extension d'indication,VENCLYXTO,9/28/2021,Extension d'indication,9/28/2021,2,VENCLYXTO|vÃ©nÃ©toclax|LeucÃ©mie aigÃ¼e myÃ©loÃ¯de (LAM)
avÃ©lumab,Carcinome urothÃ©lial,https://www.has-sante.fr/jcms/p_3243896/fr/bavencio-carcinome-urothelial-avelumab#analyseEco,Extension d'indication,BAVENCIO,10/26/2021,Extension d'indication,10/26/2021,2,BAVENCIO|avÃ©lumab|Carcinome urothÃ©lial
pembrolizumab,Cancer colorectal,https://www.has-sante.fr/jcms/p_3272286/fr/keytruda-pembrolizumab-cancer-colorectal-metastatique#analyseEco,Extension d'indication,KEYTRUDA,10/26/2021,Extension d'indication,10/26/2021,2,KEYTRUDA|pembrolizumab|Cancer colorectal
dapagliflozine,Maladie rÃ©nale chronique,https://www.has-sante.fr/jcms/p_3305327/fr/forxiga-dapagliflozine-maladie-renale-chronique#analyseEco,Extension d'indication,FORXIGA,11/9/2021,Extension d'indication,11/9/2021,2,FORXIGA|dapagliflozine|Maladie rÃ©nale chronique
azacitidine orale,LeucÃ©mie aiguÃ« myÃ©loÃ¯de,https://www.has-sante.fr/jcms/p_3305324/fr/onureg-200-300-mg-azacitidine#analyseEco,Primo-inscription,ONUREG,11/15/2021,Primo-inscription,11/15/2021,2,ONUREG|azacitidine orale|LeucÃ©mie aiguÃ« myÃ©loÃ¯de
ldecabtagene vicleucel,MyÃ©lome multiple en rechute et rÃ©fractaire,https://www.has-sante.fr/jcms/p_3308681/fr/abecma-idecabtagene-vicleucel#analyseEco,Primo-inscription,ABECMA,11/23/2021,Primo-inscription,11/23/2021,2,ABECMA|ldecabtagene vicleucel|MyÃ©lome multiple en rechute et rÃ©fractaire
blinatumomab,LeucÃ©mie aiguÃ« lymphoblastique,https://www.has-sante.fr/jcms/p_3312299/fr/blincyto-blinatumomab#analyseEco,Extension d'indication,BLINCYTO,12/14/2021,Extension d'indication,12/14/2021,2,BLINCYTO|blinatumomab|LeucÃ©mie aiguÃ« lymphoblastique
cabozantinib,Carcinome Ã  cellules rÃ©nales avancÃ© chez lâadulte,https://www.has-sante.fr/jcms/p_3294121/fr/cabometyx-20-40-mg-cabozantinib-carcinome-a-cellules-renales-avance-en-association-au-nivolumab#analyseEco,Extension d'indication,CABOMETYX,12/14/2021,Extension d'indication,12/14/2021,2,CABOMETYX|cabozantinib|Carcinome Ã  cellules rÃ©nales avancÃ© chez lâadulte
cemiplimab,Cancer bronchique non Ã  petites cellules localement avancÃ© ou mÃ©-tastatique,https://www.has-sante.fr/jcms/p_3299037/fr/libtayo-350-mg-cemiplimab-cbnpc#analyseEco,Extension d'indication,LIBTAYO,12/14/2021,Extension d'indication,12/14/2021,2,LIBTAYO|cemiplimab|Cancer bronchique non Ã  petites cellules localement avancÃ© ou mÃ©-tastatique
nivolumab,carcinome Ã  cellules rÃ©nales avancÃ©,https://www.has-sante.fr/jcms/p_3297501/fr/opdivo-10-mg/ml-nivolumab-carcinome-a-cellules-renales-avance-en-association-cabozantinib,Extension d'indication,OPDIVO,12/14/2021,Extension d'indication,12/14/2021,2,OPDIVO|nivolumab|carcinome Ã  cellules rÃ©nales avancÃ©
pembrolizumab,Lymphome de Hodgkin en rechute ou rÃ©fractaire,https://www.has-sante.fr/jcms/p_3289694/fr/keytruda-25-mg/ml-pembrolizumab-lymphome-de-hodgkin#analyseEco,Extension d'indication,KEYTRUDA,12/14/2021,Extension d'indication,12/14/2021,2,KEYTRUDA|pembrolizumab|Lymphome de Hodgkin en rechute ou rÃ©fractaire
pembrolizumab,Cancer de lâÅsophage ou de lâadÃ©nocarcinome de la jonction gastro-Åsophagienne,https://www.has-sante.fr/jcms/p_3313589/fr/keytruda-25-mg/ml-pembrolizumab#analyseEco,Extension d'indication,KEYTRUDA,2/1/2022,Extension d'indication,2/1/2022,2,KEYTRUDA|pembrolizumab|Cancer de lâÅsophage ou de lâadÃ©nocarcinome de la jonction gastro-Åsophagienne
osimertinib,Cancer bronchique non Ã  petites cellules (CBNPC),https://www.has-sante.fr/jcms/p_3313529/fr/tagrisso-osimertinib-cancer-bronchique-non-a-petites-cellules-cbnpc,Extension d'indication,TAGRISSO,2/15/2022,Extension d'indication,2/15/2022,2,TAGRISSO|osimertinib|Cancer bronchique non Ã  petites cellules (CBNPC)
daratumumab,Amylose systÃ©mique Ã  chaines lÃ©gÃ¨res (AL),https://www.has-sante.fr/jcms/p_3320599/fr/darzalex-daratumumab-amylose-systemique-a-chaines-legeres#analyseEco,Extension d'indication,DARZALEX,3/15/2022,Extension d'indication,3/15/2022,2,DARZALEX|daratumumab|Amylose systÃ©mique Ã  chaines lÃ©gÃ¨res (AL)
nivulimab,Cancer de lâÅsophage ou de lâadÃ©nocarcinome de la jonction gastro-Åsophagienne,https://www.has-sante.fr/jcms/p_3324307/fr/opdivo-nivolumab-cancer-oesophage-ou-jonction-oeso-gastrique#analyseEco,Extension d'indication,OPDIVO,3/15/2022,Extension d'indication,3/15/2022,2,OPDIVO|nivulimab|Cancer de lâÅsophage ou de lâadÃ©nocarcinome de la jonction gastro-Åsophagienne
pembrolizumab,Cancer du sein triple nÃ©gatif localement rÃ©current non rÃ©sÃ©cable ou mÃ©tastatique,https://www.has-sante.fr/jcms/p_3338759/fr/keytruda-pembrolizumab-cancer-du-sein-triple-negatif#analyseEco,Extension d'indication,KEYTRUDA,3/15/2022,Extension d'indication,3/15/2022,2,KEYTRUDA|pembrolizumab|Cancer du sein triple nÃ©gatif localement rÃ©current non rÃ©sÃ©cable ou mÃ©tastatique
nivolumab,MÃ©sothÃ©liome pleural malin non rÃ©sÃ©cable,https://www.has-sante.fr/jcms/p_3308678/fr/opdivo/yervoy-nivolumab/ipilimumab-mesotheliome-pleural-malin#videotoc_1_1,Extension d'indication,OPDIVO,3/29/2022,Extension d'indication,3/29/2022,2,OPDIVO|nivolumab|MÃ©sothÃ©liome pleural malin non rÃ©sÃ©cable
tafasitamab,Lymphome diffus Ã  grandes cellules B en rechute ou rÃ©fractaire,https://www.has-sante.fr/jcms/p_3330896/fr/minjuvi-tafasitamab-lymphome#analyseEco,Primo-inscription,MINJUVI,4/12/2022,Primo-inscription,4/12/2022,2,MINJUVI|tafasitamab|Lymphome diffus Ã  grandes cellules B en rechute ou rÃ©fractaire
ritonavir,COVID-19,https://www.has-sante.fr/jcms/p_3334227/fr/paxlovid-pf-07321332-/-ritonavir-covid-19#analyseEco,Primo-inscription,PAXLOVID,4/27/2022,Primo-inscription,4/27/2022,2,PAXLOVID|ritonavir|COVID-19
lenvatinib,Cancer de l'endomÃ¨tre,https://www.has-sante.fr/jcms/p_3334582/fr/lenvima-lenvatinib-carcinome-endometrial#videotoc_1_1,Extension d'indication,LENVIMA,5/10/2022,Extension d'indication,5/10/2022,2,LENVIMA|lenvatinib|Cancer de l'endomÃ¨tre
pegcetacoplan,HÃ©moglobinurie paroxystique nocturne (HPN),https://www.has-sante.fr/jcms/p_3322084/fr/aspaveli-pegcetacoplan#analyseEco,Primo-inscription,ASPAVELI,5/10/2022,Primo-inscription,5/10/2022,2,ASPAVELI|pegcetacoplan|HÃ©moglobinurie paroxystique nocturne (HPN)
pembrolizumab,Cancer de l'endomÃ¨tre,https://www.has-sante.fr/jcms/p_3334585/fr/keytruda-pembrolizumab-cancer-de-l-endometre#analyseEco,Extension d'indication,KEYTRUDA,5/10/2022,Extension d'indication,5/10/2022,2,KEYTRUDA|pembrolizumab|Cancer de l'endomÃ¨tre
imlifidase,DÃ©sensibilisation des patients adultes hyperimmunisÃ©s en attente dâune transplantation rÃ©nale,https://www.has-sante.fr/jcms/p_3332338/fr/idefirix-imlifidase#analyseEco,Primo-inscription,IDEFIRIX,5/24/2022,Primo-inscription,5/24/2022,2,IDEFIRIX|imlifidase|DÃ©sensibilisation des patients adultes hyperimmunisÃ©s en attente dâune transplantation rÃ©nale
nivolumab,"AdÃ©nocarcinome gastrique, de la jonction oeso-gastrique ou de lâÅsophage",https://www.has-sante.fr/jcms/p_3334854/fr/opdivo-nivolumab-adenocarcinome-gastrique-de-la-jonction-oeso-gastrique-ou-de-l-oesophage,Extension d'indication,OPDIVO,6/7/2022,Extension d'indication,6/7/2022,2,"OPDIVO|nivolumab|AdÃ©nocarcinome gastrique, de la jonction oeso-gastrique ou de lâÅsophage"
lenvatinib,Carcinome rÃ©nal,https://www.has-sante.fr/jcms/p_3324073/fr/kisplyx-lenvatinib#analyseEco,Primo-inscription,KISPLYX,7/5/2022,Primo-inscription,7/5/2022,2,KISPLYX|lenvatinib|Carcinome rÃ©nal
sacituzumab govitecan,Cancer du sein triple nÃ©gatif non rÃ©sÃ©cable ou mÃ©tastatique,https://www.has-sante.fr/jcms/p_3341351/fr/trodelvy-sacituzumab-govitecan-cancer-du-sein-triple-negatif#analyseEco,Primo-inscription,TRODELVY,7/5/2022,Primo-inscription,7/5/2022,2,TRODELVY|sacituzumab govitecan|Cancer du sein triple nÃ©gatif non rÃ©sÃ©cable ou mÃ©tastatique
riprÃ©tinib,Tumeur stromale gastro-intestinale (GIST) avancÃ©e,https://www.has-sante.fr/jcms/p_3324543/fr/qinlock-ripretinib-gist,Primo-inscription,QINLOCK,7/19/2022,Primo-inscription,7/19/2022,2,QINLOCK|riprÃ©tinib|Tumeur stromale gastro-intestinale (GIST) avancÃ©e
sotrovimab,COVID-19,https://www.has-sante.fr/jcms/p_3344400/fr/xevudy-sotrovimab-covid-19,Primo-inscription,XEVUDY,7/19/2022,Primo-inscription,7/19/2022,2,XEVUDY|sotrovimab|COVID-19
nivolumab,Cancer urothÃ©lial infiltrant le muscle Ã  haut risque de rÃ©cidive,https://www.has-sante.fr/jcms/p_3382948/fr/opdivo-nivolumab-carcinome-urothelial-infiltrant-le-muscle-cuim#analyseEco,Extension d'indication,OPDIVO,8/30/2022,Extension d'indication,8/30/2022,2,OPDIVO|nivolumab|Cancer urothÃ©lial infiltrant le muscle Ã  haut risque de rÃ©cidive
tixagevimab/cilgavimab,COVID-19,https://www.has-sante.fr/jcms/p_3352197/fr/evusheld-tixagevimab/cilgavimab-covid-19#analyseEco,Primo-inscription,EVUSHELD,8/30/2022,Primo-inscription,8/30/2022,2,EVUSHELD|tixagevimab/cilgavimab|COVID-19
elexacaftor/tezacaftor/ivacaftor,Mucoviscidose,https://www.has-sante.fr/jcms/p_3343179/fr/kaftrio-elexacaftor/-ivacaftor/-tezacaftor-mucoviscidose#analyseEco,Extension d'indication,KAFTRIO,10/11/2022,Extension d'indication,10/11/2022,2,KAFTRIO|elexacaftor/tezacaftor/ivacaftor|Mucoviscidose
enfortumab vedotin,Carcinome urothÃ©lial localement avancÃ© ou mÃ©tastatique,https://www.has-sante.fr/jcms/p_3396009/fr/padcev-enfortumab-vedotine-cancer-urothelial#analyseEco,Extension d'indication,PADCEV,10/11/2022,Extension d'indication,10/11/2022,2,PADCEV|enfortumab vedotin|Carcinome urothÃ©lial localement avancÃ© ou mÃ©tastatique
pembrolizumab,"Cancer du col de lâutÃ©rus persistant, rÃ©cidivant ou mÃ©tastatique",https://www.has-sante.fr/jcms/p_3374922/fr/keytruda-pembrolizumab-cancer-du-col-de-l-uterus#analyseEco,Extension d'indication,KEYTRUDA,10/11/2022,Extension d'indication,10/11/2022,2,"KEYTRUDA|pembrolizumab|Cancer du col de lâutÃ©rus persistant, rÃ©cidivant ou mÃ©tastatique"
nivolumab,Carcinome Ã©pidermoÃ¯de de lâÅsophage avancÃ©,https://www.has-sante.fr/jcms/p_3386214/fr/opdivo-nivolumab-cancer-de-l-oesophage,Extension d'indication,OPDIVO,11/8/2022,Extension d'indication,11/8/2022,2,OPDIVO|nivolumab|Carcinome Ã©pidermoÃ¯de de lâÅsophage avancÃ©
ruxolitinib,Maladie du greffon contre lâhÃ´te,https://www.has-sante.fr/jcms/p_3382742/fr/jakavi-ruxolitinib-maladie-du-greffon-contre-l-hote-aigue,Extension d'indication,JAKAVI,11/22/2022,Extension d'indication,11/22/2022,2,JAKAVI|ruxolitinib|Maladie du greffon contre lâhÃ´te
ciltacabtagene autoleucel,MyÃ©lome multiple,https://www.has-sante.fr/jcms/p_3392179/fr/carvykti-ciltacabtagene-autoleucel-myelome-multiple#analyseEco,Primo-inscription,CARVIKTY,12/13/2022,Primo-inscription,12/13/2022,2,CARVIKTY|ciltacabtagene autoleucel|MyÃ©lome multiple
pembrolizumab,MÃ©lanome,https://www.has-sante.fr/jcms/p_3395770/fr/keytruda-pembrolizumab-melanome-de-stade-iib-iic-ou-iii#analyseEco,Extension d'indication,KEYTRUDA,12/13/2022,Extension d'indication,12/13/2022,2,KEYTRUDA|pembrolizumab|MÃ©lanome
semaglutide,ObÃ©sitÃ©,https://www.has-sante.fr/jcms/p_3398698/fr/wegovy-semaglutide-obesite,Primo-inscription,WEGOVY,12/13/2022,Primo-inscription,12/13/2022,2,WEGOVY|semaglutide|ObÃ©sitÃ©
tisagenlecleucel,Lymphome folliculaire en rechute ou rÃ©fractaire,https://www.has-sante.fr/jcms/p_3396024/fr/kymriah-tisagenlecleucel-lymphome-folliculaire#analyseEco,Extension d'indication,KYMRIAH,12/13/2022,Extension d'indication,12/13/2022,2,KYMRIAH|tisagenlecleucel|Lymphome folliculaire en rechute ou rÃ©fractaire
PF-07321332/ritonavir,COVID-19,https://www.has-sante.fr/jcms/p_3334227/fr/paxlovid-pf-07321332-/-ritonavir-covid-19#analyseEco,Primo-inscription,PAXLOVID,1/17/2023,Primo-inscription,1/17/2023,2,PAXLOVID|PF-07321332/ritonavir|COVID-19
asciminib,LeucÃ©mie myÃ©loÃ¯de chronique chromosome Philadelphie positive en phase chronique,https://www.has-sante.fr/jcms/p_3396012/fr/scemblix-asciminib-leucemie-myeloide-chronique#analyseEco,Primo-inscription,SCEMBLIX,2/14/2023,Primo-inscription,2/14/2023,2,SCEMBLIX|asciminib|LeucÃ©mie myÃ©loÃ¯de chronique chromosome Philadelphie positive en phase chronique
olipudase alfa,DÃ©ficit en sphingomyÃ©linase acide de type B et A/B,https://www.has-sante.fr/jcms/p_3396519/fr/xenpozyme-olipudase-alfa-maladie-rare#analyseEco,Primo-inscription,XENPOZYME,2/28/2023,Primo-inscription,2/28/2023,2,XENPOZYME|olipudase alfa|DÃ©ficit en sphingomyÃ©linase acide de type B et A/B
tixagevimab/ cilgavimab,COVID-19,https://www.has-sante.fr/jcms/p_3392499/fr/evusheld-tixagevimab/cilgavimab-covid-19#analyseEco,Extension d'indication,EVUSHELD,3/14/2023,Extension d'indication,3/14/2023,2,EVUSHELD|tixagevimab/ cilgavimab|COVID-19
pembrolizumab,Carcinome Ã  cellules rÃ©nales,https://www.has-sante.fr/jcms/p_3409403/fr/keytruda-pembrolizumab-carcinome-a-cellule-renale#analyseEco,Extension d'indication,KEYTRUDA,3/28/2023,Extension d'indication,3/28/2023,2,KEYTRUDA|pembrolizumab|Carcinome Ã  cellules rÃ©nales
efgartigimod alfa,MyasthÃ©nie auto-immune gÃ©nÃ©ralisÃ©e,https://www.has-sante.fr/jcms/p_3402357/fr/vyvgart-efgartigimod-alfa-myasthenie#analyseEco,Primo-inscription,VYVGART,4/11/2023,Primo-inscription,4/11/2023,2,VYVGART|efgartigimod alfa|MyasthÃ©nie auto-immune gÃ©nÃ©ralisÃ©e
pembrolizumab,Cancer du sein triple nÃ©gatif localement avancÃ© ou de stade prÃ©coce,https://www.has-sante.fr/jcms/p_3396878/fr/keytruda-pembrolizumab-cancer-du-sein-triple-negatif#analyseEco,Extension d'indication,KEYTRUDA,4/25/2023,Extension d'indication,4/25/2023,2,KEYTRUDA|pembrolizumab|Cancer du sein triple nÃ©gatif localement avancÃ© ou de stade prÃ©coce
vutrisiran,Amylose hÃ©rÃ©ditaire Ã  transthyrÃ©tine,https://www.has-sante.fr/jcms/p_3402366/fr/amvuttra-vutrisiran-amylose-hereditaire-a-transthyretine#analyseEco,Primo-inscription,AMVUTTRA,4/25/2023,Primo-inscription,4/25/2023,2,AMVUTTRA|vutrisiran|Amylose hÃ©rÃ©ditaire Ã  transthyrÃ©tine
ravulizumab,MyasthÃ©nie Acquise gÃ©nÃ©ralisÃ©e (MAg),https://www.has-sante.fr/jcms/p_3419442/fr/ultomiris-ravulizumab-myasthenie-acquise-generalisee-mag#analyseEco,Extension d'indication,ULTOMIRIS,5/9/2023,Extension d'indication,5/9/2023,2,ULTOMIRIS|ravulizumab|MyasthÃ©nie Acquise gÃ©nÃ©ralisÃ©e (MAg)
olaparib,Cancer du sein precoce Ã  haut risque HER2 nÃ©gatif,https://www.has-sante.fr/jcms/p_3411344/fr/lynparza-olaparib-cancer-du-sein-precoce-a-haut-risque-her2-negatif#analyseEco,Extension d'indication,LYNPARZA,6/6/2023,Extension d'indication,6/6/2023,2,LYNPARZA|olaparib|Cancer du sein precoce Ã  haut risque HER2 nÃ©gatif
trastuzumab dÃ©ruxtÃ©can,Cancer du sein HER2 positif,https://www.has-sante.fr/jcms/p_3424347/fr/enhertu-trastuzumab-deruxtecan-cancer-du-sein-her2#analyseEco,Extension d'indication,ENHERTU,6/20/2023,Extension d'indication,6/20/2023,2,ENHERTU|trastuzumab dÃ©ruxtÃ©can|Cancer du sein HER2 positif
lutetium [177Lu] vipivotide tetraxetan,Cancer de la prostate mÃ©tastatique rÃ©sistant Ã  la castration (CPRCm),https://www.has-sante.fr/jcms/p_3443283/fr/pluvicto-lutecium-177lu-vipivotide-tetraxetan-cancer-de-la-prostate#analyseEc,Primo-inscription,PLUVICTO,7/18/2023,Primo-inscription,7/18/2023,2,PLUVICTO|lutetium [177Lu] vipivotide tetraxetan|Cancer de la prostate mÃ©tastatique rÃ©sistant Ã  la castration (CPRCm)
axicabtagene-ciloleucel,Lymphome diffus Ã  grandes cellules B (LDGCB) et de lymphome Ã  cellules B de haut grade (LHGCB),https://www.has-sante.fr/jcms/p_3419176/fr/yescarta-axicabtagene-ciloleucel-lymphome-diffus-a-grandes-cellules-b-ldgcb-et-lymphome-de-haut-grade-a-cellules-b-lhgcb,Extension d'indication,YESCARTA,8/29/2023,Extension d'indication,8/29/2023,2,YESCARTA|axicabtagene-ciloleucel|Lymphome diffus Ã  grandes cellules B (LDGCB) et de lymphome Ã  cellules B de haut grade (LHGCB)
dupilumab,Prurigo nodulaire,https://www.has-sante.fr/jcms/p_3427722/fr/dupixent-dupilumab-prurigo-nodulaire-pn#analyseEco,Extension d'indication,DUPIXENT,8/29/2023,Extension d'indication,8/29/2023,2,DUPIXENT|dupilumab|Prurigo nodulaire
maribavir,Infection et/ou dâune maladie Ã  cytomÃ©galovirus (CMV) post-greffe,https://www.has-sante.fr/jcms/p_3419170/fr/livtencity-maribavir-cmv#analyseEco,Primo-inscription,LIVTENCITY,8/29/2023,Primo-inscription,8/29/2023,2,LIVTENCITY|maribavir|Infection et/ou dâune maladie Ã  cytomÃ©galovirus (CMV) post-greffe
tabelecleucel,Lymphome prolifÃ©ratif post-transplantation positif au virus dâEpstein-Barr rÃ©cidivante ou rÃ©fractaire,https://www.has-sante.fr/jcms/p_3451087/fr/ebvallo-tabelecleucel-hemopathie-maligne#analyseEco,Primo-inscription,EBVALLO,9/26/2023,Primo-inscription,9/26/2023,2,EBVALLO|tabelecleucel|Lymphome prolifÃ©ratif post-transplantation positif au virus dâEpstein-Barr rÃ©cidivante ou rÃ©fractaire
"Ã©lasomÃ©ran, Ã©lasomeran/davÃ©someran et andusomÃ©ran",COVID-19,https://www.has-sante.fr/jcms/p_3466353/fr/spikevax-elasomeran-/-davesomeran-/-andusomeran-covid-19#analyseEco,Primo-inscription,SPIKEVAX,10/10/2023,Primo-inscription,10/10/2023,2,"SPIKEVAX|Ã©lasomÃ©ran, Ã©lasomeran/davÃ©someran et andusomÃ©ran|COVID-19"
onasemnogene abeparvovec,Amyotrophie spinale chez des patients prÃ©symptomatiques avec une dÃ©lÃ©tion bi-allÃ©lique du gÃ¨ne SMN1 et jusquâÃ  3 copies du gÃ¨ne SMN2,https://www.has-sante.fr/jcms/p_3442932/fr/zolgensma-onasemnogene-abeparvovec-amyotrophie-spinale#analyseEco,Primo-inscription,ZOLGENSMA,11/21/2023,Primo-inscription,11/21/2023,2,ZOLGENSMA|onasemnogene abeparvovec|Amyotrophie spinale chez des patients prÃ©symptomatiques avec une dÃ©lÃ©tion bi-allÃ©lique du gÃ¨ne SMN1 et jusquâÃ  3 copies du gÃ¨ne SMN2
trastuzumab dÃ©ruxtÃ©can,Cancer du sein HER2-faible,https://www.has-sante.fr/jcms/p_3444788/fr/enhertu-trastuzumab-deruxtecan-cancer-du-sein-her2-faible#analyseEco,Extension d'indication,ENHERTU,11/21/2023,Extension d'indication,11/21/2023,2,ENHERTU|trastuzumab dÃ©ruxtÃ©can|Cancer du sein HER2-faible
lisocabtagene maraleucel ou liso-cel,"Lymphome diffus Ã  grandes cellules B (LDGCB), lymphome B de haut grade (LBHG), lymphome mÃ©diastinal primitif Ã  grandes cellules B (LMPGCB) ou lymphome folliculaire de grade 3B (LF3B",https://www.has-sante.fr/jcms/p_3465836/fr/breyanzi-lisocabtagene-maraleucel-lymphome-diffus-a-grandes-cellules-b-ldgcb-lymphome-de-haut-grade-a-cellules-b-lhgcb-lymphome-mediastinal-primitif-a-grandes-cellules-b-lmpgcb-et-lymphome-folliculaire-de-grade-3b-lf3b#analyseEco,Primo-inscription,BREYANZI,12/19/2023,Primo-inscription,12/19/2023,2,"BREYANZI|lisocabtagene maraleucel ou liso-cel|Lymphome diffus Ã  grandes cellules B (LDGCB), lymphome B de haut grade (LBHG), lymphome mÃ©diastinal primitif Ã  grandes cellules B (LMPGCB) ou lymphome folliculaire de grade 3B (LF3B"
darolutamide,Cancer de la prostate hormonosensible mÃ©tastatique (CPHSm),https://www.has-sante.fr/jcms/p_3477070/fr/nubeqa-darolutamide-cancer-de-la-prostate-hormonosensible-metastatique-cphsm#analyseEco,Extension d'indication,NUBEQA,1/23/2024,Extension d'indication,1/23/2024,2,NUBEQA|darolutamide|Cancer de la prostate hormonosensible mÃ©tastatique (CPHSm)
V114,"Infections invasives, pneumonie et otite moyenne aiguÃ« causÃ©es par Streptococcus",https://www.has-sante.fr/jcms/p_3468559/fr/vaxneuvance-vaccin-pneumococcique-polyosidique-conjugue-15-valent-adsorbe-streptococcus-pneumoniae-de-6-semaines-a-moins-de-18-ans#analyseEco,Extension d'indication,VAXNEUVANCE,1/23/2024,Extension d'indication,1/23/2024,2,"VAXNEUVANCE|V114|Infections invasives, pneumonie et otite moyenne aiguÃ« causÃ©es par Streptococcus"
ivosidÃ©nib,LeucÃ©mie aiguÃ« myÃ©loÃ¯de (LAM),https://www.has-sante.fr/jcms/p_3467526/fr/tibsovo-ivosidenib-leucemie-aigue-myeloide-lam#analyseEco,Primo-inscription,TIBSOVO,2/6/2024,Primo-inscription,2/6/2024,2,TIBSOVO|ivosidÃ©nib|LeucÃ©mie aiguÃ« myÃ©loÃ¯de (LAM)
tranacogene dezaparvovec,HÃ©mophilie B sÃ©vÃ¨re et modÃ©rÃ©ment sÃ©vÃ¨reâ,https://www.has-sante.fr/jcms/p_3460133/fr/hemgenix-etranacogene-dezaparvovec-hemophilie-b#analyseEco,Primo-inscription,HEMGENIX,2/6/2024,Primo-inscription,2/6/2024,2,HEMGENIX|tranacogene dezaparvovec|HÃ©mophilie B sÃ©vÃ¨re et modÃ©rÃ©ment sÃ©vÃ¨reâ
mavacamten,Cardiomyopathie hypertrophique obstructive (CMHo),https://www.has-sante.fr/jcms/p_3470375/fr/camzyos-mavacamten-cardiomyopathie-hypertrophique-obstructive#analyseEco,Primo-inscription,CAMZYOS,2/20/2024,Primo-inscription,2/20/2024,2,CAMZYOS|mavacamten|Cardiomyopathie hypertrophique obstructive (CMHo)
valoctocogene roxaparvovec),HÃ©mophilie A congÃ©nitale sÃ©vÃ¨re,https://www.has-sante.fr/jcms/p_3461362/fr/roctavian-valoctocogene-roxaparvovec-hemophilie-a#videotoc_1_1,Primo-inscription,ROCTAVIAN,3/5/2024,Primo-inscription,3/5/2024,2,ROCTAVIAN|valoctocogene roxaparvovec)|HÃ©mophilie A congÃ©nitale sÃ©vÃ¨re
DM,DiabÃ¨te de type 1,https://www.has-sante.fr/jcms/p_3496700/fr/omnipod-5-pompe-a-insuline-et-controleur-omnipod-5-systeme-de-mesure-du-glucose-interstitiel-dexcom-g6#analyseEco,Primo-inscription,OMNIPOD 5,3/19/2024,Primo-inscription,3/19/2024,2,OMNIPOD 5|DM|DiabÃ¨te de type 1
nivolumab,Cancer bronchique non Ã  petites cellules,https://www.has-sante.fr/jcms/p_3471682/fr/opdivo-nivolumab-cbnpc-cancer-bronchique-non-a-petites-cellules#analyseEco,Extension d'indication,OPDIVO,3/19/2024,Extension d'indication,3/19/2024,2,OPDIVO|nivolumab|Cancer bronchique non Ã  petites cellules
protÃ©ine Spike de SARS-CoV-2 et un adjuvant Matrix-M,COVID-19,https://www.has-sante.fr/jcms/p_3501621/fr/nuvaxovid-proteine-spike-de-sars-cov-2-et-un-adjuvant-matrix-m-covid-19#analyseEco,Primo-inscription,NUVAXOVID,4/16/2024,Primo-inscription,4/16/2024,2,NUVAXOVID|protÃ©ine Spike de SARS-CoV-2 et un adjuvant Matrix-M|COVID-19
sacituzumab govitecan,Cancer du sein (RH+/HER2-) non rÃ©sÃ©cable ou mÃ©tastatique,https://www.has-sante.fr/jcms/p_3490834/fr/trodelvy-sacituzumab-govitecan-cancer-du-sein#analyseEco,Extension d'indication,TRODELVY,4/30/2024,Extension d'indication,4/30/2024,2,TRODELVY|sacituzumab govitecan|Cancer du sein (RH+/HER2-) non rÃ©sÃ©cable ou mÃ©tastatique
"Vaccin zona (recombinant, avec adjuvant)",Zona et nÃ©vralgies post-zostÃ©riennes (NPZ),https://www.has-sante.fr/jcms/p_3511387/fr/shingrix-vaccin-zona-recombinant-avec-adjuvant-vaccin-zona#analyseEco,Extension d'indication,SHINGRIX,5/28/2024,Extension d'indication,5/28/2024,2,"SHINGRIX|Vaccin zona (recombinant, avec adjuvant)|Zona et nÃ©vralgies post-zostÃ©riennes (NPZ)"
DM,Pathologies cardiaques entrainant une FEVG â¤ 35%,https://www.has-sante.fr/jcms/p_3524695/en/lifevest-4000#analyseEco,Renouvellement,LIFEVEST 4000,6/25/2024,Renouvellement,6/25/2024,2,LIFEVEST 4000|DM|Pathologies cardiaques entrainant une FEVG â¤ 35%
agamglogene autotemcel,DrÃ©panocytose sÃ©vÃ¨re,https://www.has-sante.fr/jcms/p_3541918/fr/casgevy-exagamglogene-autotemcel-drepanocytose-severe-chez-les-patients-ages-de-plus-de-12-ans#analyseEco,Primo-inscription,CASGEVY,7/16/2024,Primo-inscription,7/16/2024,2,CASGEVY|agamglogene autotemcel|DrÃ©panocytose sÃ©vÃ¨re
VACCIN RSVpreF 120 ÂµG,Maladie des voies respiratoires infÃ©rieures causÃ©e par le virus respiratoire syncytial (VRS) chez les nourrissons,https://www.has-sante.fr/jcms/p_3535401/fr/abrysvo-vaccin-du-virus-respiratoire-syncytial-bivalent-recombinant-virus-respiratoire-syncytial-vrs-chez-les-nourrissons,Primo-inscription,ABRYSVO,7/16/2024,Primo-inscription,7/16/2024,2,ABRYSVO|VACCIN RSVpreF 120 ÂµG|Maladie des voies respiratoires infÃ©rieures causÃ©e par le virus respiratoire syncytial (VRS) chez les nourrissons
omaveloxolone,Ataxie de Friedreich (AF),https://www.has-sante.fr/jcms/p_3542845/fr/skyclarys-omaveloxolone-ataxie-de-friedreich#analyseEco,Primo-inscription,SKYCLARYS,9/17/2024,Primo-inscription,9/17/2024,2,SKYCLARYS|omaveloxolone|Ataxie de Friedreich (AF)
DM,DiabÃ¨te de type 1,https://www.has-sante.fr/jcms/p_3514595/fr/systeme-minimed-780g-associe-au-systeme-de-mesure-en-continu-du-glucose-interstitiel-guardian-4#analyseEco,Extension d'indication,SystÃ¨me MiniMed 780G,10/15/2024,Extension d'indication,10/15/2024,2,SystÃ¨me MiniMed 780G|DM|DiabÃ¨te de type 1
tipiracil/trifluridine,Cancer colorectal mÃ©tastatique (CCRm),https://www.has-sante.fr/jcms/p_3540254/fr/lonsurf-trifluridine/tipiracil-cancer-colorectal#analyseEco,Extension d'indication,LONSURF,10/15/2024,Extension d'indication,10/15/2024,2,LONSURF|tipiracil/trifluridine|Cancer colorectal mÃ©tastatique (CCRm)
iptacopan,HÃ©moglobinurie paroxystique nocturne (HPN) avec anÃ©mie hÃ©molytique,https://www.has-sante.fr/jcms/p_3560827/fr/fabhalta-iptacopan-hemoglobinurie-paroxystique-nocturne-hpn#analyseEco,Primo-inscription,FABHALTA,12/5/2024,Primo-inscription,12/5/2024,2,FABHALTA|iptacopan|HÃ©moglobinurie paroxystique nocturne (HPN) avec anÃ©mie hÃ©molytique
exagamglogene autotemcel,Î²-thalassÃ©mie dÃ©pendante des transfusions (TDT),https://www.has-sante.fr/jcms/p_3545557/fr/casgevy-exagamglogene-autotemcel-ss-thalassemie-dependante-des-transfusions-tdt#analyseEco,Primo-inscription,CASGEVY,12/10/2024,Primo-inscription,12/10/2024,2,CASGEVY|exagamglogene autotemcel|Î²-thalassÃ©mie dÃ©pendante des transfusions (TDT)
Dostarlimab,Cancer de lâendomÃ¨tre (CE),https://www.has-sante.fr/jcms/p_3578491/fr/jemperli-dostarlimab-cancer-de-l-endometre#analyseEco,Primo-inscription,JEMPERLI,1/14/2025,Primo-inscription,1/14/2025,2,JEMPERLI|Dostarlimab|Cancer de lâendomÃ¨tre (CE)
dupilumab,Bronchopneumopathie chronique obstructive (BPCO),https://www.has-sante.fr/jcms/p_3556159/fr/dupixent-dupilumab-bronchopneumopathie-chronique-obstructive-bpco#analyseEco,Extension d'indication,DUPIXENT,1/14/2025,Extension d'indication,1/14/2025,2,DUPIXENT|dupilumab|Bronchopneumopathie chronique obstructive (BPCO)
atidarsagÃ¨ne automcel,Leucodystrophie mÃ©tachromatique chez lâenfanT,https://www.has-sante.fr/jcms/p_3555789/fr/libmeldy-atidarsagene-autotemcel-leucodystrophie-metachromatique-ldm#analyseEco,Primo-inscription,LIBMELDY,2/11/2025,Primo-inscription,2/11/2025,2,LIBMELDY|atidarsagÃ¨ne automcel|Leucodystrophie mÃ©tachromatique chez lâenfanT
ublituximab,SclÃ©rose en plaques rÃ©currente (SEP-R),https://www.has-sante.fr/jcms/p_3578966/fr/briumvi-ublituximab-sclerose-en-plaques#analyseEco,Primo-inscription,BRIUMVI,2/11/2025,Primo-inscription,2/11/2025,2,BRIUMVI|ublituximab|SclÃ©rose en plaques rÃ©currente (SEP-R)
enfortumab vedotin,carcinome urothÃ©lial,https://www.has-sante.fr/jcms/p_3589932/fr/padcev-enfortumab-vedotin-carcinome-urothelial#analyseEco,Extension d'indication,PADCEV,3/11/2025,Extension d'indication,3/11/2025,2,PADCEV|enfortumab vedotin|carcinome urothÃ©lial
sotatercept,Hypertension artÃ©rielle pulmonaire (HTAP),https://www.has-sante.fr/jcms/p_3606289/fr/winrevair-sotatercept-hypertension-arterielle-pulmonaire-htap#analyseEco,Primo-inscription,WINREVAIR,3/11/2025,Primo-inscription,3/11/2025,2,WINREVAIR|sotatercept|Hypertension artÃ©rielle pulmonaire (HTAP)
amivantamab,"Cancer bronchique non Ã  petites cellules (exon 19, exon 21)",https://www.has-sante.fr/jcms/p_3604202/fr/rybrevant-amivantamab-cancer-bronchique-non-a-petites-cellules-exon-19-exon-21#analyseEco,Extension d'indication,RYBREVANT,4/8/2025,Extension d'indication,4/8/2025,2,"RYBREVANT|amivantamab|Cancer bronchique non Ã  petites cellules (exon 19, exon 21)"
Vaccin grippal trivalent inactivÃ© Ã  haute dose,Grippe,https://www.has-sante.fr/jcms/p_3606853/fr/efluelda-vaccin-antigrippal-trivalent-inactive-a-virion-fragmente-60-g-ha/souche-vaccin-antigrippal#analyseEco,Primo-inscription,EFLUELDA,4/15/2025,Primo-inscription,4/15/2025,2,EFLUELDA|Vaccin grippal trivalent inactivÃ© Ã  haute dose|Grippe
vaccin Ã  ARNm,COVID-19,https://www.has-sante.fr/jcms/p_3809128/fr/comirnaty-vaccin-a-arnm-a-nucleoside-modifie-contre-la-covid-19-covid-19-chez-les-patients-ages-de-6-mois-et-plus#analyseEco,Primo-inscription,COMIRNATY,5/6/2025,Primo-inscription,5/6/2025,2,COMIRNATY|vaccin Ã  ARNm|COVID-19
mirvetuximab soravtansine,Cancer de l'ovaire,https://www.has-sante.fr/jcms/p_3601719/fr/elahere-mirvetuximab-soravtansine-cancer-de-l-ovaire#analyseEco,Primo-inscription,ELAHERE,6/3/2025,Primo-inscription,6/3/2025,2,ELAHERE|mirvetuximab soravtansine|Cancer de l'ovaire
dostarlimab,Cancer de lâendomÃ¨tre (CE),https://www.has-sante.fr/jcms/p_3639405/fr/jemperli-dostarlimab-cancer-de-l-endometre#analyseEco,Extension d'indication,JEMPERLI,7/1/2025,Extension d'indication,7/1/2025,2,JEMPERLI|dostarlimab|Cancer de lâendomÃ¨tre (CE)
"vaccin papillomavirus humain 9-valent, recombinant, adsorbÃ©",Papillomavirus Humains (HPV),https://www.has-sante.fr/jcms/p_3634549/fr/gardasil-9-vaccin-papillomavirus-humain-9-valent-recombinant-adsorbe-vaccin-hpv#analyseEco,Extension d'indication,GARDASIL9,7/1/2025,Extension d'indication,7/1/2025,2,"GARDASIL9|vaccin papillomavirus humain 9-valent, recombinant, adsorbÃ©|Papillomavirus Humains (HPV)"
sÃ©maglutide,ObÃ©sitÃ©,https://www.has-sante.fr/jcms/p_3562976/fr/wegovy-semaglutide-obesite#analyseEco,Primo-inscription,WEGOVY,7/15/2025,Primo-inscription,7/15/2025,2,WEGOVY|sÃ©maglutide|ObÃ©sitÃ©
ciltacabtagene autoleucel,MyÃ©lome multiple,https://www.has-sante.fr/jcms/p_3639814/fr/carvykti-ciltacabtagene-autoleucel-myelome-multiple#analyseEco,Primo-inscription,CARVYKTI,9/9/2025,Primo-inscription,9/9/2025,2,CARVYKTI|ciltacabtagene autoleucel|MyÃ©lome multiple
blinatumomab,LeucÃ©mie aiguÃ« lymphoblastique (LAL) Ã  prÃ©curseurs B,https://www.has-sante.fr/jcms/p_3635785/fr/blincyto-blinatumomab-leucemie-aigue-lymphoblastique-lal#analyseEco,Extension d'indication,BLINCYTO,10/7/2025,Extension d'indication,10/7/2025,2,BLINCYTO|blinatumomab|LeucÃ©mie aiguÃ« lymphoblastique (LAL) Ã  prÃ©curseurs B
amivantamab en assoication au lazertinib,"Cancer bronchique non Ã  petites cellules (exon 19, exon 21)",https://www.has-sante.fr/jcms/p_3639093/fr/rybrevant-/-lazcluze-amivantamab-/-lazertinib-cancer-bronchique-non-a-petites-cellules-cbnpc#analyseEco,Extension d'indication,RYBREVANT en association Ã  LAZCLUZE,11/4/2025,Extension d'indication,11/4/2025,2,"RYBREVANT en association Ã  LAZCLUZE|amivantamab en assoication au lazertinib|Cancer bronchique non Ã  petites cellules (exon 19, exon 21)"
DM,StÃ©nose aortique sÃ©vÃ¨re symptomatique,https://www.has-sante.fr/jcms/p_3807255/fr/evolut-pro#analyseEco,Renouvellement,EVOLUT PRO+ et EVOLUT FX,11/4/2025,Renouvellement,11/4/2025,2,EVOLUT PRO+ et EVOLUT FX|DM|StÃ©nose aortique sÃ©vÃ¨re symptomatique
ivacaftor/tezacaftor/elexacafto,Mucoviscidose,https://www.has-sante.fr/jcms/p_3685915/fr/kaftrio-ivacaftor/tezacaftor/elexacaftor-/-kalydeco-ivacaftor-mucoviscidose-chez-les-patients-ages-de-2-ans-et-plus#analyseEco,Extension d'indication,KAFTRIO KALYDECO,11/25/2025,Extension d'indication,11/25/2025,2,KAFTRIO KALYDECO|ivacaftor/tezacaftor/elexacafto|Mucoviscidose
DM,Cardiologie interventionnelle,https://www.has-sante.fr/jcms/p_3633260/fr/triclip-g4#analyseEco,Primo-inscription,TriClipâ¢ G4,12/9/2025,Primo-inscription,12/9/2025,2,TriClipâ¢ G4|DM|Cardiologie interventionnelle
